0,1,2,3,4
凯旋,克伦堡,克虏伯凯旋,克罗南堡,克伦堡凯旋
蓝天,深蓝牌,深蓝,深蓝伏特加,
武当鲁奇,木桐酒庄,木桐,木桐古堡,
whitepoemsloopcastle,chateaubeychevelle,chbeychevelle,amiraldebeychevelle,
洛神山庄,洛神,奔富洛神山庄,,
torres,torrestorres,clausporto,,
reymos,laumance,leimove,,
moutai,maotai,maitai,,
拉佛格,拉弗格,利富,,
conchaytoro,casillerodeldiablo,conchaytorocasillerodeldiabloreservaprivada,,
绝对,绝对伏特加,瑞典伏特加,,
navire,largedarkofbateausalamander,grandbateaurouge,,
龙船庄,龙船庄园,白诗桅帆城堡,,
纷赋酒庄,纷赋,禾富酒园,,
欧瑞安,奥兰骑士,奥瑞安,,
royalcanin,royal,hb,,
depanigon,chteaupanigon,chateaupanigon,,
阿巴帝,第九世,棒棒糖,,
五粮液洋河牛栏山泸州老窖五粮液茅台汾酒红星郎酒古井贡酒更多,五粮液洋河牛栏山泸州老窖五粮液茅台汾酒古井贡酒郎酒红星更多,五粮液泸州老窖牛栏山洋河五粮液茅台红星汾酒古井贡酒劲牌更多,,
赫林根,赫尼根,喜力,,
马玖思城堡干红葡萄酒,玛玖丝古堡,玛久思,,
lafei,lafeimanor,lafite,,
lepetitcheval,chateauchevalblanc,chchevalblanc,,
千岛湖,千島湖啤酒,千岛湖啤酒,,
lacroixdelaussac,danisa,classeroyale,,
greatwall,greatwallbrand,changcheng,,
浪琴慕莎庄园,浪琴慕沙城堡,浪琴慕沙庄园,,
simon,saumur,lestagesimon,,
yancyy,yancy,yancyicewine,,
骑士,轻骑兵,圣卡斯,,
百家富酒庄,百家富庄园,巴加芙城堡,,
kaiserdom,kaiserwin,kaiser,,
百利甜,百利,百利甜酒,,
林德曼斯,林德曼,利达民,,
豪帅快活,豪帅,豪帅金快活,,
margaux,chateaumargaux,chmargaux,,
velascorsarias,navigator,ellider,,
glenfiddich,glenfiddichwhisky,glenfiddi,,
quaylanding,ozeroo,,,
estrelladamm,damm,,,
liefmans,aromanice,,,
chateautalbot,chtalbot,,,
nadellion,nadelion,,,
sancarlo,sancaro,,,
vodk,vodka,,,
chateaumontrose,chmontrose,,,
thelittlepenguin,littlepenguin,,,
chateaulafonrochet,chlafonrochet,,,
沃斯乐,沃森,,,
鲁索喜萍,喜萍鲁索酒庄,,,
卡门萨克庄园,卡门萨克堡,,,
ms,marksspencerms,,,
路易老爷,皇家珍藏,,,
康德庄园,上肯德鲁城堡,,,
泸州老窖洋河牛栏山泸州老窖五粮液茅台汾酒古井贡酒郎酒红星更多,泸州老窖牛栏山泸州老窖洋河五粮液茅台红星汾酒古井贡酒劲牌更多,,,
懒虫,卡米诺城堡,,,
carlosgardel,corterosso,,,
麦克美,味好美,,,
卡斯特拉佩慈城堡,卡斯特拉佩斯城堡,,,
督威,杜威,,,
camino,caminoreal,,,
oban,ouben,,,
kurassier,folgoso,,,
守护神,古尔达,,,
tullamore,tullamoredew,,,
拉图尔,拉图尔酒庄,,,
chateaulatour,chlatour,,,
lusen,drloosen,,,
brownbrothers,brownbrothersbrownbrothers,,,
柏龙,普拉纳,,,
absolut,absolutvodka,,,
长城梦坡,迈坡,,,
酒司令,塔玛达,,,
stbernardus,stbonalt,,,
cartredcap,chimay,,,
lefaite,lf,,,
克拉米伦酒庄,克拉米伦庄园,,,
欧思菠,敖司堡,,,
楼蘭,楼兰,,,
freegold,flyaudio,,,
chdecamensac,chateaucamensac,,,
马利哥庄园,马利哥酒庄,,,
钻石庄园,钻石,,,
glenmorangie,gelanjie,,,
西莫,禧梦,,,
奔富,奔富酒园,,,
拉古斯酒庄,拉古斯庄园,,,
大宝庄园,大宝城堡,,,
trt,tongrentang,,,
wolf,blass,,,
histoiredamour,gemme,,,
豪格登,福佳,,,
肯德布朗酒庄,肯德布朗庄园,,,
阿伦选葡萄酒,阿伦选,,,
路易亚都世家,路易亚都,,,
liya,laray,,,
chateaucantemerle,chcantemerle,,,
riscal,marquesderiscal,,,
potulas,bts,,,
greenking,belhaven,,,
百帝王,圣本笃,,,
achelblonde,achel,,,
费尔德城堡,费尔德堡,,,
洋河,洋河酒厂,,,
wilon,granddragon,,,
px,arteyruedo,,,
瑞格尔侯爵酒园,瑞格尔侯爵,,,
szentkiralydisney,disney,,,
schwarzerherzog,gold,,,
罗莎,罗莎田园红,,,
长城牌,长城,,,
chmoutonrothschild,chateaumoutonrothschild,,,
gaolang,goalong,,,
miusi,muses,,,
wierquer,wrangler,,,
liouner,chateauliouner,,,
夏迪,哈迪,,,
特洛泽,图隆泽,,,
chleovillelascases,chateauleovillelascases,,,
pannisuo,panisseau,,,
kelte,barbarossa,,,
chteaulebourdieu,chateaulebourdieu,,,
chateaurauzansegla,chrauzansegla,,,
杜特酒庄,杜特庄园,,,
grand,dewars,,,
尊尼获加,尊尼获黑牌,,,
meltyberry,baileys,,,
gelaluo,glalo,,,
niulansan,niulanshan,,,
rogue,compteroger,,,
布琅兄弟酒庄,布琅兄弟,,,
玛歌古堡,玛歌,,,
herms,hermes,,,
kasteel,cavesmaitre,,,
doraemona,adoraemon,,,
拉伊尔,丽雅,,,
拉菲庄园,拉菲,,,
saintluiz,stlouis,,,
logoo,lepluvieux,,,
delacreledryredwine,audeladelacreledryredwine,,,
粉红杀手,杀手狗,,,
乔治帝铂,乔治杜博夫,,,
skyy,skyyvodka,,,
freschello,cieloeterra,,,
sharedollare,sharedollareinternationalchateau,,,
海诗勒,汉斯席勒,,,
皇家,亨格,,,
poderio,baudan,,,
骊威,瑞梵妮,,,
krakus,chevalier,,,
里加黑,里加黑牌,,,
jacobscreek,jacobs,,,
panpasi,pampas,,,
martinellis,martini,,,
达姆星,星达姆,,,
domaine,domainedepellehaut,,,
pranteburg,brandenburg,,,
lamargue,chateaulamargu,,,
harpoon,ginharpoon,,,
金拓庄园,碧尚女爵庄园,,,
朝日,朝日啤酒,,,
道瑞尔克古堡,奥瑞克庄园,,,
lvs,laviedestar,,,
红蔓,红蔓庄园,,,
kliner,kuliner,,,
露仙歌城堡,露仙歌庄园,,,
monstermuesli,montes,,,
圣洛兰萨,圣罗兰萨,,,
tagus,gagus,,,
xifeng,hsifengchiew,,,
佳得美庄园,佳得美酒庄,,,
sabmiller,miller,,,
ballantines,ballantine,,,
马杜斯,马里斯,,,
泰山原浆,泰山啤酒,,,
茅台葡萄酒,茅台,,,
贝卡塔纳庄园,凯隆世家庄园,,,
carmore,camus,,,
公平,公平山,,,
青岛啤酒,青岛,,,
红魔鬼,干露,,,
泰谷,泰古,,,
小矮人关注,小矮人,,,
windsor,vinsor,,,
桃乐丝西班牙,桃乐丝,,,
patron,patrn,,,
sanhuberto,laslanzas,,,
chateauamour,chteauamour,,,
chivasregal,chivas,,,
双洋,双洋酒庄,,,
踏坡,修道院,,,
vindecommunauteeuropeennegrandeveque,bischofshof,,,
巴顿城堡,乐夫巴顿庄园,,,
justuspalewheatbeer,hildebrand,,,
普尔迪城堡,布迪城堡,,,
triplekarmelie,karmeliet,,,
raphael,lafeier,,,
百威,佰德维,,,
艾丁格,爱丁格,,,
普瑞斯,佩雷恩城堡,,,
lmperialcourt,imperialcourt,,,
占边,占边波本,,,
杰卡布斯奎克,杰卡斯,,,
newland,novomundo,,,
rudorf,neudorf,,,
拉图古堡,拉图城堡,,,
rawsonsretreat,roselle,,,
智利蓝象,智利红象,,,
乐曼,乐蔓,,,
达玛雅克城堡,达玛雅克庄园,,,
grants,grant,,,
theglenlive,glenlivet,,,
guomei,gome,,,
鲁芬诺,鲁芬诺酒园,,,
蝶矢,俏雅,,,
芭萃缇,帕翠提,,,
vientodelsur,vientosur,,,
萨伽白马庄,萨伽,,,
诺顿,诺顿庄园,,,
belgium,bruzer,,,
安第斯阳光酒园,安第斯阳光,,,
frees,freesoar,,,
皮尔蒙蒂克,梦迪雅克庄园,,,
zf,noble,,,
balvenie,byford,,,
sanpo,jb,,,
napoleon,courvoisier,,,
santacarolina,scarlo,,,
chpedesclaux,chateaupedesclaux,,,
珍宝杰选,珍宝,,,
施密特,施密特世家,,,
chateaudarmailhac,chdarmailhac,,,
阿里那南爵,阿里那男爵,,,
trappiste,rochefort,,,
芝华士芝华士,芝华士,,,
歌碧酒庄,歌碧庄园,,,
jagermeister,jagerneister,,,
luisfelipeedwards,edwards,,,
黄尾袋鼠,黄尾,,,
thefamousgrouse,famousgrouse,,,
酩悦,酩悦香槟,,,
格兰哥尼,格兰高依,,,
麒麟庄园,麒麟城堡,,,
gallowinery,gallo,,,
波士力娇酒,波士,,,
bakerdrean,bakerdream,,,
chhautbrionrouge,chateauhautbrion,,,
hardys,hadi,,,
唐基,唐基美乐裕,,,
zeolong,zealong,,,
tangsongtangsong,tangsong,,,
马天利,马天尼,,,
zuiai,tragazo,,,
艾加,艾槟,,,
iwant,diwant,,,
贝尔黑文,格林王,,,
碧尚男爵庄园,碧尚男爵酒庄,,,
泰婷哲,泰亭哲,,,
坎特一号,坎特号,,,
爵美,木桐迪奥,,,
多玛士嘉萨酒庄,多玛士嘉萨,,,
kostritzer,kostrlber,,,
schmidt,simita,,,
oberg,obergcabernetsauvignonmerlot,,,
kangnali,connerys,,,
罗兰百悦,罗兰百悦香槟,,,
甘露,甘露咖啡,,,
罗菲尔,,,,
米隆酒庄,,,,
剑威,,,,
财溢人生,,,,
youliangyuan,,,,
limburgsewitte,,,,
chamvermeil,,,,
marquisdeauvid,,,,
牡丹公爵,,,,
古拉骑士,,,,
诗梦阁,,,,
贝雅庄园,,,,
talavent,,,,
edensdream,,,,
widmerbrothers,,,,
realfuente,,,,
保罗菲尔男爵,,,,
巴卡隆之门,,,,
全月,,,,
科洛巴,,,,
爱德华爵士,,,,
laureldeoro,,,,
欧斯特,,,,
lesmarteaux,,,,
威兰德,,,,
达奥斯,,,,
爵颂,,,,
masmorra,,,,
wyndhamestate,,,,
terres,,,,
donnafugata,,,,
bibian,,,,
airwick,,,,
lipo,,,,
bodegasartajona,,,,
英格列斯美食荟,,,,
lechantdechamps,,,,
founders,,,,
thebalvenie,,,,
佩达庄园,,,,
huguesdelaury,,,,
moutaiyingbinvvml,,,,
亚历山大,,,,
丹尼卡瑞,,,,
三峡紫,,,,
alamos,,,,
sol,,,,
mavam,,,,
chteaupontetcanet,,,,
皮埃尔,,,,
贝桥城堡,,,,
abloom,,,,
任意门,,,,
雅塘国际,,,,
纽瑞滋,,,,
都夏美隆古堡,,,,
baifeiwinery,,,,
maredsou,,,,
挚友,,,,
dvcatena,,,,
tenwow,,,,
helanmountain,,,,
laporteboiduset,,,,
澳特蒙,,,,
格比斯蒂,,,,
红酒客,,,,
草原御地,,,,
chateaupuycarpin,,,,
布迪酒庄,,,,
越峯酒庄,,,,
家庭医生伏特加,,,,
泊雅客,,,,
参议员,,,,
索伯拉,,,,
laborde,,,,
薰衣草,,,,
suchet,,,,
特瑞,,,,
gepasprivadas,,,,
新月之恋,,,,
凯撒托姆,,,,
bongeronde,,,,
阿甘酒庄,,,,
海根路德,,,,
卡维纳,,,,
chateaudissan,,,,
lacroixdebeaucaillou,,,,
赫杜酒庄,,,,
巴黎水,,,,
brajac,,,,
wolfteam,,,,
xiangtianbei,,,,
sugarman,,,,
圣詹姆斯,,,,
拉莫之花酒庄,,,,
peni,,,,
somersby,,,,
infusedrush,,,,
领亿来,,,,
纬之下,,,,
拉朗德古堡,,,,
taishanbarbarossadurlacherkaiserdomtsingtaohubertuswurenbacher,,,,
chateaurousseaucaillau,,,,
courbouerin,,,,
沃族,,,,
君度,,,,
bordeauxvineam,,,,
ducdalbufera,,,,
laurencon,,,,
西施西里,,,,
蜂巢,,,,
lucia,,,,
gemtree,,,,
senoriodesegorbe,,,,
勒宁城堡,,,,
snakevenom,,,,
grivandes,,,,
玛斯家族科比埃,,,,
chateautourhautcaussan,,,,
聚仙庄,,,,
vincupidexcellence,,,,
poulleauperefils,,,,
chateaurongzi,,,,
爱士堡,,,,
皇家希尔,,,,
pimpine,,,,
chateaulabadie,,,,
郑酒师,,,,
御承烧坊,,,,
marquisdebilavel,,,,
飞歌,,,,
benriach,,,,
杰力金,,,,
verawang,,,,
台尊郎,,,,
lacroixdegaillan,,,,
richardfamily,,,,
罗曼思,,,,
elconvite,,,,
马拉莎尼城堡,,,,
斗牛士,,,,
富华,,,,
quezhiling,,,,
维特思,,,,
佩迪,,,,
赛雅克,,,,
carou,,,,
莫尔奈,,,,
mondeville,,,,
美黛,,,,
leparadisdelacachette,,,,
格瑞湾,,,,
louismax,,,,
chgiscours,,,,
xiantequ,,,,
castillocuveeprinces,,,,
轩尼诗新点,,,,
快克,,,,
老罗宾,,,,
kangavooyellow,,,,
drzenzen,,,,
都柏莱酒庄,,,,
longcountry,,,,
cavatina,,,,
龙船,,,,
fortallen,,,,
品九师,,,,
摩尔丝,,,,
杜霍酒庄,,,,
jeannedebarry,,,,
加州乐事,,,,
菲丽古堡,,,,
歌泰,,,,
博立艾戈佳酿干红葡萄酒,,,,
casagualda,,,,
红樱桃,,,,
redsquare,,,,
chateaucosdestournel,,,,
rieussec,,,,
拉兹马科,,,,
mbl,,,,
remymartin,,,,
安百乐,,,,
圣内拉,,,,
理查世家,,,,
baffy,,,,
卡梅罗西,,,,
巴利特,,,,
provence,,,,
恩泽,,,,
demesneiceberry,,,,
马珈爱快,,,,
加路威,,,,
红衣主教,,,,
白马,,,,
柏菲酒庄,,,,
歌莉雅,,,,
chateauangelus,,,,
圆瑞,,,,
露丝,,,,
cantalici,,,,
amigosecreto,,,,
真爱,,,,
cheerday,,,,
vistislatum,,,,
marquesdesougilla,,,,
黑森马蹄,,,,
chateauroctaillade,,,,
京峰,,,,
desaintpaullon,,,,
puls,,,,
chateaudevillegeorge,,,,
菲丽,,,,
莱茵黑森,,,,
爱之梦,,,,
万事好,,,,
康蒂尼,,,,
goldensailbrand,,,,
曼妮之花,,,,
leopardsleap,,,,
niepoort,,,,
嘉士伯,,,,
chateaupradeaumazeau,,,,
科奇亚,,,,
weltachs,,,,
香叶,,,,
爱丽丝,,,,
yaoming,,,,
felixlorenzocachazo,,,,
泰和酩庄,,,,
亨利爵士,,,,
国之娇子,,,,
lacroixdelaussacbordeauxrouge,,,,
欧堡,,,,
coldvalley,,,,
查柏林山,,,,
gaja,,,,
qinzong,,,,
labetterousse,,,,
坎帕斯,,,,
瑟德华特,,,,
lagaralto,,,,
taittinger,,,,
dinggeshu,,,,
百花漾,,,,
宜兰树,,,,
欧娜,,,,
安比安斯,,,,
kinglouisxv,,,,
jelzin,,,,
columbiacrest,,,,
维多利亚,,,,
mahuida,,,,
格里芬,,,,
小荔仙,,,,
bodegassenoriodebarahonda,,,,
mellowell,,,,
evian,,,,
骏马杰克,,,,
hotfeeling,,,,
圣艾挪,,,,
eguren,,,,
santacruz,,,,
利安丹萨,,,,
tikal,,,,
jingdu,,,,
圣安托尼酒庄,,,,
blacktower,,,,
莎桐湾波尔多之路,,,,
lionsland,,,,
天喔,,,,
palmeraiz,,,,
fargoone,,,,
晚安,,,,
dalessandro,,,,
海角庄园,,,,
麦洛威尔,,,,
路易马西尼,,,,
赛昂,,,,
freixenet,,,,
alunschoice,,,,
dourthe,,,,
chateaurauzangassies,,,,
麓鹊,,,,
卡拉拉庄园,,,,
波美公爵,,,,
果漾,,,,
kaweina,,,,
vieuxrobin,,,,
jhbros,,,,
jiuxianghong,,,,
latourmartillac,,,,
帝力,,,,
cmp,,,,
balestardlatonnelle,,,,
marquesdeplata,,,,
ormeuil,,,,
taiwanbeer,,,,
chateaupessansainthilaire,,,,
louismoreau,,,,
乐王吉古堡,,,,
wangcuncu,,,,
chateauhautbailly,,,,
bollinger,,,,
romance,,,,
拉瓦里尼酒庄,,,,
阿科博皇家伯爵,,,,
佳雷吉,,,,
佳的美,,,,
图卡斯特隆,,,,
泽斯公国,,,,
andeanflamingos,,,,
茅粮,,,,
艾美拉索,,,,
黎明慕思兰德,,,,
chateaudoyac,,,,
chateaulatourblanche,,,,
龙船庄园奔富酒园拉菲干露长城张裕威赛帝斯黄尾袋鼠月亮之吻宝黛更多,,,,
天母蓝鸟,,,,
comtedemongascon,,,,
vinamaipo,,,,
维娜干红葡萄酒,,,,
festianomaxine,,,,
blackcottage,,,,
菲弗,,,,
licaudet,,,,
臻挚,,,,
saintsang,,,,
yanjingbeer,,,,
扎卡尼尼,,,,
普莱密斯,,,,
富兰仕,,,,
纳帕酒窖,,,,
santostefano,,,,
lanhuang,,,,
唐丽安,,,,
oldsenator,,,,
袋鼠山,,,,
黔源,,,,
derhirschbrau,,,,
bata,,,,
beaujolais,,,,
歌涅庄园,,,,
jiutaotao,,,,
柏翠庄园,,,,
葡叶庄园,,,,
chateaulebonalguet,,,,
星晖,,,,
领航者,,,,
chateaufenhe,,,,
汉高,,,,
雪枣,,,,
卡萨玛丽亚,,,,
pagodabrand,,,,
拿破仑胜战,,,,
伏特加,,,,
coteauxdulayon,,,,
杜雅酒庄,,,,
nicolasfrancois,,,,
opusone,,,,
嘉仙酒庄,,,,
brotherscider,,,,
师爷,,,,
格拉齐亚,,,,
轩尼诗锐澳百利深蓝百加得尊尼获加轩尼诗杰克丹尼绝对伏特加格兰菲迪更多,,,,
sunquick,,,,
ducrubeaucaillou,,,,
长冈,,,,
派汀格,,,,
benediktiner,,,,
红辣椒,,,,
mondelys,,,,
roulantsaubole,,,,
vieuxchcertan,,,,
考拉红,,,,
贝尼维拉,,,,
莫兰德,,,,
阿布尔杜钟楼,,,,
lintendance,,,,
fenxing,,,,
oradea,,,,
牛头犬,,,,
flamenko,,,,
拉博纳维达,,,,
蓝皇,,,,
ducasse,,,,
gnight,,,,
villagarrel,,,,
pastor,,,,
litu,,,,
wuyuanwan,,,,
维纳斯,,,,
约翰马仕,,,,
安雅,,,,
皇家邑鹿,,,,
vivanza,,,,
chateaulasiganerie,,,,
葡金,,,,
brother,,,,
酉良缘,,,,
benoitlamour,,,,
科隆巴赫,,,,
维尼翁,,,,
洛瑞斯,,,,
丽图,,,,
波洛林骑士,,,,
巴斯克,,,,
stellaartois,,,,
德拉洛克城堡,,,,
chateauloyassonbordeaux,,,,
mmmaimcom,,,,
普林塞斯纳,,,,
嘉雅,,,,
maredsous,,,,
flensburger,,,,
奥塞骑士庄园,,,,
stmartin,,,,
紫隆冰庄,,,,
福斯玛莱,,,,
时代,,,,
yushoutang,,,,
ruegenfisch,,,,
lethoucollection,,,,
飘仙,,,,
circus,,,,
bella,,,,
法尔凯特,,,,
泰亭哲香槟,,,,
trivento,,,,
bluenun,,,,
帕美隆,,,,
amore,,,,
风车酒庄,,,,
罗迈尔,,,,
幸福之星,,,,
jacqueline,,,,
gressiergrandpoujeaux,,,,
detunda,,,,
reeses,,,,
elaeterno,,,,
佩佳娜,,,,
chateaulavignere,,,,
皇家法亚,,,,
音符,,,,
coixblanche,,,,
sarran,,,,
莎索,,,,
nzhouse,,,,
弗格,,,,
洛朗松,,,,
goldensunbirdsmulberrymanor,,,,
桑特桃红,,,,
rutini,,,,
sanama,,,,
torosagrado,,,,
卢梭,,,,
古岱庄园,,,,
chteaulabatut,,,,
爱利加,,,,
monkeyshoulder,,,,
马克萨多,,,,
卡迪奥庄园,,,,
lealtanza,,,,
克雷布斯庄园冰酒,,,,
李寇特,,,,
花之子,,,,
schlossbraumoos,,,,
dogridge,,,,
renown,,,,
evaristo,,,,
royalsalute,,,,
唐欧博斯,,,,
boulaire,,,,
詹姆士侯爵,,,,
荣耀,,,,
roshen,,,,
pierrenaigeon,,,,
典藏,,,,
艾斯匹尔,,,,
仙不走,,,,
domainelabranchelaffont,,,,
libo,,,,
chateaulalande,,,,
俄国斯丹达,,,,
baoma,,,,
布莱特,,,,
vieuxcoutelin,,,,
lachanade,,,,
almada,,,,
黑达沃拉,,,,
calicella,,,,
若诗庄园,,,,
迈巴赫,,,,
天籁园,,,,
fourcaud,,,,
petrus,,,,
百丽欧,,,,
josecuervo,,,,
amour,,,,
银爵,,,,
奥利维,,,,
茱比莉,,,,
capegold,,,,
克拉庄园,,,,
galadinodocg,,,,
凯歌皇牌,,,,
女神,,,,
vinacria,,,,
赛德庄园,,,,
fengyuyuan,,,,
安东尼,,,,
蒙特斯,,,,
biraud,,,,
佘太酒業,,,,
克莱尔酒庄,,,,
凯马,,,,
航海世纪,,,,
格兰杰,,,,
soldatenknig,,,,
红砖,,,,
凯蒂猫,,,,
比翼鸟,,,,
星得斯,,,,
梵仕兰帝,,,,
lacourbourva,,,,
麦氏,,,,
辉煌埃格尔,,,,
拉德酒庄,,,,
福尔图娜,,,,
西夫拉姆,,,,
伊甘庄园,,,,
dubonvin,,,,
喜运,,,,
palaciodeverano,,,,
aoyo,,,,
郎锐,,,,
capdet,,,,
amaroramazotti,,,,
法弗萨斯蒂姆,,,,
chateausaintroch,,,,
奔富系列,,,,
勃朗芭,,,,
托里多蒂,,,,
拉维佳,,,,
grandpuylacoste,,,,
诺雅克庄园,,,,
阿玛迪奥,,,,
rosafloreale,,,,
科普克,,,,
petitruby,,,,
丹普斯,,,,
pinwheel,,,,
montagne,,,,
dominioforseti,,,,
瓦勒庄,,,,
bigpeat,,,,
jawdrop,,,,
葡诺,,,,
罗康德,,,,
clo,,,,
地中海之恋,,,,
塔特拉山,,,,
德谢儿,,,,
nowets,,,,
domainedechevalier,,,,
铭库格,,,,
xiqinglang,,,,
里萨克侯爵,,,,
chateauducrubeaucaillou,,,,
max,,,,
格鲁特,,,,
海特,,,,
博莱特酒窖,,,,
highcadburymanor,,,,
格林娜沃斯庄园,,,,
josephcastanplandedieu,,,,
fontbonne,,,,
faiveley,,,,
纤盈,,,,
simonsig,,,,
bombance,,,,
canti,,,,
chateaulebourdieuvertheuil,,,,
winesoverland,,,,
超富,,,,
corona,,,,
pontey,,,,
哲麦兰酒庄,,,,
bols,,,,
巴比庄园,,,,
艾丝歌酒庄,,,,
doublehappiness,,,,
小村庄城堡,,,,
圣安纳,,,,
aubywaigo,,,,
波亚特庄园,,,,
罕庄,,,,
慕斯卡,,,,
muscador,,,,
haciendaaraucano,,,,
杜比,,,,
博蒙郎,,,,
钻石岭,,,,
美家乐,,,,
rocdeminvielle,,,,
laijia,,,,
罗雅颂,,,,
简单爱,,,,
duhuomanor,,,,
chateaugrandbaril,,,,
乔治城酒庄,,,,
汉凯,,,,
chateaudepagoda,,,,
lemieux,,,,
echidna,,,,
arabarte,,,,
lagorce,,,,
金图腾,,,,
绪帝罗庄园,,,,
骑悦,,,,
格兰威特,,,,
威狮酒庄,,,,
丸滋,,,,
琥珀庄园,,,,
野牛仙踪,,,,
chateauchantemerle,,,,
顶上人生,,,,
阿玛尼奥,,,,
romer,,,,
征服,,,,
agneson,,,,
瑞森,,,,
靓茨摩庄园,,,,
象牌,,,,
宝嘉龙庄园,,,,
碧桃丝,,,,
卡维留里,,,,
史嘉隆庄园,,,,
拉法蒂诺,,,,
eguigal,,,,
havens,,,,
sulas,,,,
lalaudey,,,,
拉露斯庄园,,,,
美格娜斯,,,,
柏邦斯,,,,
玛丽亚海之情,,,,
海列巴,,,,
bees,,,,
fairhills,,,,
比奥山野,,,,
苏维斯,,,,
bajithka,,,,
taizunlang,,,,
errazuriz,,,,
wurenbacher,,,,
查理天使,,,,
拉瓦奇,,,,
chenyuanxing,,,,
卡蒂尔,,,,
mongozo,,,,
品尚红酒,,,,
奥伯曼,,,,
卓尔,,,,
roquegrave,,,,
matador,,,,
ornellaiaeanbvinrougeitalie,,,,
金玫瑰庄园,,,,
杜卡特,,,,
chateaupichonlongueville,,,,
leffe,,,,
梦戈薇,,,,
picaflor,,,,
欧瓦拉德,,,,
senorio,,,,
怡园酒庄,,,,
杰彼斯,,,,
ferrocino,,,,
kadis,,,,
卡柏莱,,,,
欧百浓,,,,
世界巨星慈善系列酒,,,,
维拉慕斯,,,,
zilongbingzhuang,,,,
wine,,,,
chateautournebrise,,,,
绿缇,,,,
diqie,,,,
cuveeclassique,,,,
凯利切拉,,,,
emauxdores,,,,
怡可百兰,,,,
zonin,,,,
georgeballantine,,,,
fabre,,,,
圣路易,,,,
朗瑞歌城堡,,,,
谢尼酒庄,,,,
迪隆庄园,,,,
aimable,,,,
haymans,,,,
拔萃酒庄,,,,
yunzhunongzhuang,,,,
贝松,,,,
lifefruit,,,,
维拉加莱尔,,,,
苔丝美人庄园,,,,
美人堡,,,,
丘吉尔,,,,
easylove,,,,
墨干酒庄,,,,
redhook,,,,
antoninguyon,,,,
chateaucroixdutrale,,,,
dewellbon,,,,
墨高,,,,
惠华,,,,
chevalierbarolin,,,,
franny,,,,
堡林爵,,,,
chateaubelgrave,,,,
bruichladdich,,,,
皇家龙堡,,,,
格兰治庄园,,,,
博马尔,,,,
圣佛洋,,,,
goldencastle,,,,
庞玛洛,,,,
fsml,,,,
meukow,,,,
cocacola,,,,
weina,,,,
圣徒,,,,
lotte,,,,
华锦伯爵,,,,
bertinchamps,,,,
法瑞尔,,,,
lavieja,,,,
lukasecco,,,,
vinalba,,,,
诺瓦,,,,
chansonduterroir,,,,
阿塔霍纳,,,,
黄关,,,,
pendulum,,,,
drbeckermann,,,,
托本莫瑞,,,,
爱诗图古堡,,,,
moenchshof,,,,
神父,,,,
vinyadelmar,,,,
智象,,,,
postcode,,,,
clarencehautbrion,,,,
schaumhof,,,,
傲鱼,,,,
valombrease,,,,
米婆婆,,,,
旺夫益子,,,,
bayi,,,,
美狮,,,,
费里埃,,,,
sihuan,,,,
碧朗德城堡,,,,
cepagerovirabaques,,,,
pontcit,,,,
朗桐,,,,
saishangtianjiao,,,,
芭布瑞,,,,
嘉勒城堡,,,,
bannierecroisee,,,,
silex,,,,
chyquem,,,,
simeon,,,,
flyfish,,,,
葩美,,,,
爱莎伊,,,,
尊美醇,,,,
本利亚克,,,,
赛曼酒庄,,,,
cavit,,,,
nudered,,,,
黑塔,,,,
cotesdurhonecr,,,,
狼队,,,,
维利塔斯,,,,
金伯爵,,,,
shenyuan,,,,
ridgesidewinery,,,,
壹百度,,,,
stagsleapwinecellars,,,,
billlegend,,,,
fullarton,,,,
ecobalance,,,,
麓美庄园,,,,
xxrated,,,,
蒙特伯爵,,,,
爱尔博特,,,,
普拉泽神驹,,,,
慕琳尼酒庄,,,,
borges,,,,
碧德诗铎,,,,
jiaao,,,,
fossilrock,,,,
chateaulapirouette,,,,
elijahcraig,,,,
vincenttessier,,,,
medelley,,,,
包河,,,,
glengoyne,,,,
红宝石,,,,
奎罗庄园,,,,
spy,,,,
阿曼达,,,,
rocherfigeac,,,,
戈蓝宝,,,,
百富,,,,
dalvina,,,,
leovillebarton,,,,
auchentoshan,,,,
达尔摩,,,,
kilchoman,,,,
奥康贝洛城堡,,,,
大班保罗,,,,
处女地,,,,
拉色华伦,,,,
drambuie,,,,
trimbach,,,,
艾菲,,,,
勒宁,,,,
鸡尾酒,,,,
miraval,,,,
冯加罗,,,,
巴特利庄园,,,,
帕拉波旁,,,,
伯纳酒庄,,,,
princessealyna,,,,
rongopai,,,,
chdulac,,,,
oakleaf,,,,
chateaujunding,,,,
lagavulin,,,,
claroreservacabermet,,,,
carmesderieussec,,,,
蒙特斯伯爵,,,,
大庆老窖,,,,
穆莱酒庄,,,,
玺纳,,,,
葛雷昂酒庄,,,,
rofile,,,,
婉爱,,,,
堂吉诃德,,,,
chateautudin,,,,
艾略特,,,,
桑特庄园博姆威尼斯,,,,
宝玛,,,,
moshifu,,,,
狐狸与猎人,,,,
caifu,,,,
kyathosmerlot,,,,
lunazul,,,,
冠龙,,,,
lecedrevert,,,,
chateaucantemerl,,,,
当歌城堡,,,,
chateaudeloswhitewine,,,,
chateauchampsdelucas,,,,
巴登狮,,,,
chateaudelosredwine,,,,
夏娃之吻,,,,
丰裕源,,,,
夏多俐国际酒庄,,,,
浩颂,,,,
王朝,,,,
torbreck,,,,
mohists,,,,
shangguchengbao,,,,
barokeswines,,,,
barossatower,,,,
domainegavotymelopee,,,,
tur,,,,
爱莲古堡,,,,
settesoli,,,,
boixduricourt,,,,
dita,,,,
必富达,,,,
顺风,,,,
加利恩,,,,
号酒窖,,,,
卡蒂亚克古堡,,,,
路易斯顿公爵,,,,
redfox,,,,
巴黎诱惑,,,,
卡宾古堡,,,,
毛将,,,,
sylavie,,,,
darkgrapejuice,,,,
雷马士酒庄,,,,
莫泰,,,,
沙莊,,,,
aedor,,,,
luisiana,,,,
卡娃珀娇,,,,
贝拉斯达城堡,,,,
威堡,,,,
菲图艾丝塔勒庄园,,,,
chateaudauzac,,,,
chateauhautbagesliberal,,,,
bianconero,,,,
rosehillcastle,,,,
guicciardini,,,,
louisremy,,,,
langdi,,,,
星堡,,,,
丹普父子酒庄,,,,
chateauhautmortefont,,,,
卡隆堡佳美娜,,,,
hoegaarden,,,,
chateaulalagune,,,,
烙克,,,,
versace,,,,
拉威城堡,,,,
jacquesdubourg,,,,
chateaucastellapeze,,,,
舒伯特侯爵,,,,
wernesgruner,,,,
布兰迪尔古堡,,,,
红韵,,,,
puschkin,,,,
tonje,,,,
杰瑞水手,,,,
abadiadebocoy,,,,
上米勒酒庄,,,,
艾尔,,,,
富威,,,,
pfungstadter,,,,
欧爵,,,,
choya,,,,
圣德,,,,
suntime,,,,
唯爱,,,,
kressmann,,,,
festivites,,,,
paljas,,,,
枫博,,,,
乐吉,,,,
贝翠林酒庄,,,,
露薇芳苔,,,,
路喜娅,,,,
songe,,,,
chateauseguelonguemonnier,,,,
leshautsdetousquiron,,,,
chateaupoitevin,,,,
polar,,,,
chateaubellerive,,,,
patanegra,,,,
dominiodelplatawinery,,,,
圣卡蒂亚,,,,
mik,,,,
赖祖,,,,
noracuter,,,,
meteor,,,,
renmingongshe,,,,
安德斯,,,,
是谷红,,,,
rigablack,,,,
皇家船长,,,,
吉发得,,,,
拉菲小马仕,,,,
布鲁柯尔,,,,
爱赫斯,,,,
beaupuy,,,,
casacarsten,,,,
forgood,,,,
jacquessenauxabsinth,,,,
流星,,,,
saintahon,,,,
elgoestate,,,,
jw,,,,
上贝歌庄园,,,,
孔雀,,,,
潘帕斯,,,,
新玛利,,,,
kahla,,,,
凯思,,,,
德雷特,,,,
艾柏迪,,,,
艾格维尔,,,,
上贝歌,,,,
博露帝,,,,
sigalas,,,,
古拉罗宾斯,,,,
哥弟,,,,
派利特瑞,,,,
玛嘉唯诺,,,,
栈桥,,,,
颂香,,,,
伊扎古雷,,,,
liondesuiduiraut,,,,
玛丁娜庄园,,,,
爱马仕洛丹干红葡萄酒,,,,
威利来,,,,
lahaute,,,,
renyimen,,,,
mtmonster,,,,
adlerbrau,,,,
wojiahongjiuwu,,,,
布什米尔,,,,
chateaudefarel,,,,
watsons,,,,
cepagenature,,,,
特伏瑞,,,,
哥伦比亚山峰,,,,
dulingfengsao,,,,
baihuayang,,,,
圣桑,,,,
chateauclercmilon,,,,
altenburg,,,,
维扬比城堡,,,,
利弗兰,,,,
chateauboutetmercier,,,,
圣马丁,,,,
sohnlein,,,,
aishae,,,,
炸弹,,,,
奥美加,,,,
露鸽,,,,
费沃斯,,,,
lesmetairiesdegallician,,,,
belair,,,,
京都,,,,
酒美网,,,,
louistonroyalbrandyxo,,,,
喜烈酒庄,,,,
天玛,,,,
bateaudelabarre,,,,
aromede,,,,
famlove,,,,
pontoisecabarrus,,,,
美丽羊,,,,
恋爱季,,,,
贵王府世家,,,,
君士坦丁一世,,,,
皇冠,,,,
latrappe,,,,
ausking,,,,
卡卡,,,,
chateaularoquedeby,,,,
grandin,,,,
zundert,,,,
朱鹮,,,,
乐美堡,,,,
petitbistro,,,,
拉芭酒庄,,,,
特龙艾丝,,,,
蓝妹,,,,
洛克曼妮威,,,,
格兰多纳,,,,
吉诺丹利,,,,
louislafon,,,,
oldnick,,,,
schar,,,,
buddies,,,,
芬外,,,,
hana,,,,
圣克曼,,,,
macaoshan,,,,
kingfountain,,,,
爱这茶语,,,,
碧尚男爵古堡,,,,
chateaudumoulinrouge,,,,
janicon,,,,
chateauboriedenoaillan,,,,
tesingroom,,,,
monin,,,,
安碧昂,,,,
梵茜特斯,,,,
blackbox,,,,
cuveebarret,,,,
chateaudaigueville,,,,
theafricanhorizon,,,,
chateaulafleurpetrus,,,,
montesquiou,,,,
乐加维林,,,,
奥巴特利城堡,,,,
grivesac,,,,
上巴哈伊酒庄,,,,
tamada,,,,
coorslight,,,,
戈尔登堡,,,,
英弗罗斯,,,,
欧洲王子,,,,
威洛酒园,,,,
牧诺,,,,
如胜,,,,
圣塔堡酒庄,,,,
herbklot,,,,
saintarnaud,,,,
chateaulafleurpeyrabon,,,,
媞雅阿塔霍纳,,,,
果露堂,,,,
chateaulesreuilles,,,,
智美,,,,
拉古城堡,,,,
爽哒哒,,,,
vergina,,,,
宝塔,,,,
tempt,,,,
santaema,,,,
奥德之风,,,,
杏清,,,,
乐时,,,,
枫都,,,,
雷萨克,,,,
佩西,,,,
caparsino,,,,
托米勒,,,,
酒淘淘,,,,
依娜特,,,,
chbranecantenac,,,,
louischevallier,,,,
法兰骑士,,,,
on,,,,
库克船长,,,,
leidun,,,,
艾拉贝拉,,,,
tovaritch,,,,
sarasate,,,,
法布尔,,,,
波罗的海,,,,
migrandma,,,,
jackdaniels,,,,
kingsley,,,,
molinomoscatod,,,,
pleasurejar,,,,
carte,,,,
歌达玛西庄,,,,
northdomaintimes,,,,
cellerelmasroig,,,,
musiney,,,,
游艇会,,,,
御马,,,,
luti,,,,
caoyuanyudi,,,,
labuissiere,,,,
暮林城堡,,,,
金河,,,,
赛亚,,,,
生命之水,,,,
绝对牛,,,,
内良,,,,
泉源,,,,
苏塔卡蒂,,,,
罗伯特,,,,
lacachetteroyale,,,,
bordeaux,,,,
罗曼,,,,
百年公社,,,,
沈园,,,,
达尔迪尼斯,,,,
杰奎琳,,,,
westmalle,,,,
道格瑞奇,,,,
君来,,,,
budweiser,,,,
迈盾,,,,
伟大复兴,,,,
圣芝,,,,
奥贝扎克酒庄,,,,
塞上天娇,,,,
fleurdemaine,,,,
金装盛宴,,,,
chateaucazaumartet,,,,
dester,,,,
白金武士,,,,
乐宝庄,,,,
欧美人家,,,,
medoff,,,,
comtelalande,,,,
大艾,,,,
谢村桥牌,,,,
哈根斯诺,,,,
盛世夏都,,,,
balduzzi,,,,
里鹏酒庄,,,,
andimar,,,,
尼娜,,,,
chateausaintantoinebordeauxsuperieur,,,,
玛格丽特,,,,
蒙塔尔沃,,,,
雀之灵,,,,
维尔普勒,,,,
newleaf,,,,
princessedecleves,,,,
公平牌,,,,
fabbri,,,,
duretout,,,,
玫瑰伯爵,,,,
葛朗,,,,
auxgiscarels,,,,
cuveeauguste,,,,
拉维尔,,,,
domainedu,,,,
pernod,,,,
chateaulamouline,,,,
lecuyerdusud,,,,
拉菲丽丝,,,,
瓦帕,,,,
chateaulatourcarnet,,,,
tamaron,,,,
macaulay,,,,
bunnahabhain,,,,
迪士尼,,,,
tonhwa,,,,
阳溢满园,,,,
乐夫巴顿,,,,
尚酷城堡,,,,
chamei,,,,
aguiladeg,,,,
爱士图尔古堡,,,,
福斯特,,,,
danieldamptfils,,,,
塞瑟,,,,
ducdeterone,,,,
干玛提尼,,,,
爱马仕,,,,
歌得利安,,,,
上卡桑酒庄,,,,
巴黎庄园,,,,
保加特,,,,
diva,,,,
尼伯特,,,,
santaalicia,,,,
shepherdneame,,,,
chateaufonfroide,,,,
碧特博格,,,,
利维纳酒庄,,,,
黑狐,,,,
白马庄园,,,,
almaviva,,,,
grandrousseau,,,,
帝企鹅,,,,
圣巴贝,,,,
laujac,,,,
智利之花,,,,
迎驾贡酒,,,,
georgesvessellebrut,,,,
蒂桐城堡,,,,
花悦,,,,
royaldeer,,,,
jinbei,,,,
quaidemably,,,,
拉卡斯,,,,
诺爱,,,,
宾得宝,,,,
迪菩赞,,,,
台金爽,,,,
中澳袋鼠,,,,
terrefort,,,,
lafigureramoncastle,,,,
荣和,,,,
铁骑士,,,,
卡罗琳酒庄,,,,
齐侯门,,,,
dornfelder,,,,
卢卡斯,,,,
tierras,,,,
圣雷萨,,,,
兹塔伯格,,,,
jinhui,,,,
chateaubellegravedupoujeau,,,,
碧朗城堡,,,,
merino,,,,
葫芦绿,,,,
gusutai,,,,
马达特,,,,
黄金海图,,,,
奇雅,,,,
voga,,,,
弗莱士,,,,
蒂曼,,,,
撒旦,,,,
genins,,,,
lebanduc,,,,
荔仙庄园,,,,
angel,,,,
姑苏台,,,,
枫丹白露,,,,
老才臣,,,,
圣德利城堡,,,,
kalala,,,,
莎莎,,,,
马克阿玛洛尼,,,,
爱丽香,,,,
枫宏城堡,,,,
戴布雷,,,,
charlesvienot,,,,
曼赫,,,,
cabernetsauvignon,,,,
padrillos,,,,
怡恺悠,,,,
百利奥,,,,
肯图,,,,
chtroplongmondot,,,,
游园,,,,
cuveefruitee,,,,
megyer,,,,
菲利普罗斯柴尔德男爵,,,,
jiahewinery,,,,
hubertus,,,,
fireball,,,,
cruz,,,,
里奥,,,,
约瑟夫杜鲁安,,,,
zajecickahorka,,,,
哮天鼠,,,,
奥美嘉,,,,
圣维凡,,,,
布鲁多格,,,,
cretaolympias,,,,
brakingsquirrel,,,,
latuer,,,,
迎春,,,,
chateaulahauteborie,,,,
孟买蓝宝石,,,,
卡农庄园,,,,
barbarescoausario,,,,
zongqing,,,,
sharon,,,,
niomio,,,,
斯蒂芬布朗,,,,
lesbellinesvcerouge,,,,
通化,,,,
瑞青,,,,
jadorecelebrite,,,,
哈拿,,,,
mogao,,,,
八公山,,,,
qb,,,,
葛雷奥利张裕黄尾袋鼠长城拉菲奔富酒园卡维留里德森森卡依露干露更多,,,,
chateaulesbrandeaux,,,,
格兰爱琴,,,,
罗曼时光,,,,
马得乐,,,,
manortourrose,,,,
蓝筹,,,,
贝赫,,,,
新黄杨林,,,,
欧牛,,,,
飞天牌,,,,
伦佳诺,,,,
heartlandwines,,,,
lespagodesdecos,,,,
perrier,,,,
泰斯卡,,,,
禾富,,,,
国王白兰地,,,,
grafskaya,,,,
嘿哦,,,,
robertmondaviwinery,,,,
santarita,,,,
binding,,,,
伊比利亚山,,,,
blauequelle,,,,
格兰轩,,,,
醉老宁珹,,,,
爱欧公爵,,,,
莎普蒂尔,,,,
罗曼莱庄园,,,,
鲁龙,,,,
江口醇,,,,
特莱斯城堡,,,,
vinacasablanca,,,,
mangiacane,,,,
科鲁特庄园,,,,
mediterroirs,,,,
博塔利,,,,
kalloway,,,,
lachasse,,,,
vedett,,,,
chacheer,,,,
君叶红,,,,
steininger,,,,
胜嘉力,,,,
梦幻佳酿红葡萄酒,,,,
香贝思,,,,
chausone,,,,
galleonshiggswinery,,,,
克洛利堡,,,,
马帝尔德,,,,
明斯克,,,,
corliano,,,,
rauzan,,,,
拉斐尔,,,,
博迪苏,,,,
pilot,,,,
dalwhinnie,,,,
蔚蓝堡,,,,
feldschlobchen,,,,
谷人庄园,,,,
vibertigiovanni,,,,
蒙特路易,,,,
福德堡,,,,
braastad,,,,
圣环,,,,
lenine,,,,
布鲁斯堡,,,,
chateaumarquisdalesmebecker,,,,
点金石,,,,
本特芭赫城堡,,,,
格兰佳雅,,,,
corolle,,,,
维西瓦,,,,
omentar,,,,
fontsanteventouxblane,,,,
paviemacquin,,,,
vilamose,,,,
雀池,,,,
nochesdeluna,,,,
金汉斯,,,,
anjiu,,,,
castellooroperlo,,,,
卡拉菲亚,,,,
elsotillo,,,,
airlin,,,,
olaria,,,,
castillodemadax,,,,
格兰伯恩,,,,
laspinetta,,,,
zhengjiushi,,,,
poxi,,,,
chateauausone,,,,
chateaucastelbruck,,,,
玛丽亚爵士,,,,
madiran,,,,
herans,,,,
alexanderhill,,,,
美雅士,,,,
rosemount,,,,
longrow,,,,
培恩,,,,
黑骊,,,,
米洛骑士,,,,
克莱蒙碧尚,,,,
可利美,,,,
thestrathallan,,,,
坎佩斯,,,,
goulee,,,,
fifthelements,,,,
圣克里斯图酒庄,,,,
lamartepaysdoc,,,,
davidstone,,,,
康堤,,,,
chateaunaudinaoc,,,,
卡玫尔,,,,
tsingtao,,,,
皇家蓝勋,,,,
拉菲传说,,,,
莫娜里奥庄园,,,,
力多酒庄,,,,
李维,,,,
高百利庄园,,,,
marceldeiss,,,,
briegovendimiaseleccionada,,,,
大道干红葡萄酒,,,,
豪斯酒庄,,,,
威兰士,,,,
delirium,,,,
chateaudepanigon,,,,
泰格瑞,,,,
余利斯酒庄,,,,
wielandshi,,,,
威格,,,,
yachting,,,,
olmecatequilareposadc,,,,
波瑞斯,,,,
金虎,,,,
格拉帕,,,,
伦肯,,,,
布鲁日,,,,
舒特家族,,,,
马格丽特女爵,,,,
crisantem,,,,
lepinjiucom,,,,
石湾,,,,
卡蒙,,,,
克里奈教堂庄园,,,,
麒麟,,,,
cuveemarguerite,,,,
chateaudillon,,,,
agavita,,,,
amiraldebeychevellepenfoldslafitegreatwallconchaytorochangyuyellowtailbaciodellalunapoderio,,,,
珍膳世家,,,,
virtuoso,,,,
柏翠,,,,
lapirouette,,,,
夏美城堡,,,,
麦西尼克拉斯庄园,,,,
卡夫卡,,,,
clarencedehautbrion,,,,
无名英雄,,,,
八月桂花香酒,,,,
波罗的海啤酒,,,,
觅珍,,,,
greenpine,,,,
amadio,,,,
弗利埃都,,,,
halylenihan,,,,
hautmaurin,,,,
santababera,,,,
ginestet,,,,
bigtop,,,,
拉科鲁锡庄园,,,,
chateaumontpera,,,,
julies,,,,
驰骋天下,,,,
德星,,,,
daouwinery,,,,
degen,,,,
高保德,,,,
格兰莫雷,,,,
leboisjoli,,,,
乐象,,,,
奥吉尔庄园,,,,
monasterio,,,,
酷比,,,,
chateaulafonduberger,,,,
maycas,,,,
博斯克,,,,
valledeizan,,,,
克莱蒙教皇堡,,,,
stkarlus,,,,
澳佳宝,,,,
唐培里侬香槟王,,,,
雷克斯庄园,,,,
warrenpoesie,,,,
pichonlalande,,,,
jano,,,,
sirius,,,,
凯斯塔,,,,
juangilmeses,,,,
奥维德侯爵,,,,
珍藏,,,,
elangelito,,,,
leonor,,,,
斯格拉,,,,
kobers,,,,
scottishstag,,,,
瑞莎,,,,
pechcanet,,,,
美人鱼庄园,,,,
kahlua,,,,
嘉娃酒庄,,,,
新天,,,,
guardhouse,,,,
chateaustemichelle,,,,
lacyshow,,,,
zlatapraha,,,,
丽珀,,,,
奥比,,,,
witalsberg,,,,
杜卡斯,,,,
图达伟让,,,,
百龄坛,,,,
icetime,,,,
chateaulabat,,,,
alexislichine,,,,
朗舶侯爵,,,,
kriekenbier,,,,
圣爵堡,,,,
顺畅,,,,
露帝尼,,,,
霹雳山城堡干红葡萄酒,,,,
redstar,,,,
chateauvictoria,,,,
波特嘉,,,,
chateaugriviere,,,,
fatmonk,,,,
西藏青稞啤酒,,,,
百淇,,,,
雅典娜,,,,
chateausimon,,,,
chabot,,,,
海天,,,,
gilbeys,,,,
古萄世家,,,,
桃蕊,,,,
yishate,,,,
科斯拉,,,,
阳光庄园特级,,,,
seinafleet,,,,
贝凌红,,,,
好朋友,,,,
sanrustico,,,,
imperialhill,,,,
domainedelestradelle,,,,
牛栏山,,,,
chefmade,,,,
北域时代,,,,
卡慕,,,,
pknt,,,,
soldeespana,,,,
芳德斯,,,,
maranello,,,,
limoncello,,,,
chainoffire,,,,
勒维拉博腾古堡,,,,
博仕元帅,,,,
chateaureverdi,,,,
royaltokaji,,,,
chateautourcastillon,,,,
维洛特骑士,,,,
soldepenas,,,,
雪诗尼,,,,
finclomilla,,,,
莎比奈特城堡,,,,
gmtn,,,,
木桐嘉棣,,,,
胆小鬼,,,,
纯净国度,,,,
百粹缇,,,,
太阳啤酒,,,,
tianfu,,,,
xifengjun,,,,
普拉迪克,,,,
gaussbe,,,,
派拉斯古堡,,,,
爱嗨,,,,
礼拜山,,,,
danhugoes,,,,
汉枸,,,,
伯德之门,,,,
花簇,,,,
红酒文化中心,,,,
麦卡伦,,,,
charmail,,,,
皖菜园,,,,
小糊涂仙,,,,
oldpulterior,,,,
castelfirmian,,,,
莫加斯伯爵,,,,
半月,,,,
科贝尔,,,,
威尔仕,,,,
柏斯蒂,,,,
chateaubardos,,,,
圣弗朗城堡,,,,
阿马罗,,,,
chateauvieuxlescours,,,,
琳索迈,,,,
欧颂庄园,,,,
dana,,,,
kingwilliam,,,,
沃尔城堡,,,,
澳斯雅,,,,
iexceptiondu,,,,
ws,,,,
xianbuzou,,,,
艾颂,,,,
真露,,,,
campeny,,,,
changgang,,,,
chateauegliseclinet,,,,
萨隆公爵,,,,
warrenmang,,,,
morada,,,,
白塔庄园,,,,
林海雪原,,,,
fontaineroyale,,,,
香格里拉,,,,
豪礼乐,,,,
菲波,,,,
新露诗,,,,
布根柔,,,,
pimms,,,,
champsdaromes,,,,
火客,,,,
captainmorgan,,,,
浪漫,,,,
hercylan,,,,
louisjadot,,,,
依芙城堡,,,,
rangerhill,,,,
primora,,,,
温帝米亚干红葡萄酒,,,,
牡丹堡,,,,
纵情,,,,
辛帕,,,,
莱宝,,,,
everwines,,,,
康沛尼,,,,
osborne,,,,
拉奇诺,,,,
米拉朵,,,,
查尔斯,,,,
wildafrica,,,,
tiger,,,,
giuseppecortese,,,,
thedalmore,,,,
卡丁庄园,,,,
wozu,,,,
fondantgenius,,,,
苏泽国际,,,,
碧郎侯爵,,,,
temotu,,,,
卡迪斯,,,,
brazilianboul,,,,
阿佩罗,,,,
保定百年,,,,
王子啤酒,,,,
博克达姆,,,,
ferrandiere,,,,
compass,,,,
fartherland,,,,
波厄玛酒庄,,,,
larbreduclocher,,,,
bulleit,,,,
宝伯特,,,,
爱威廉斯,,,,
chpichonlalande,,,,
百乐廷,,,,
海曼,,,,
爱诺保,,,,
vsop,,,,
卡尔威,,,,
巴斯登,,,,
baifujuzhen,,,,
merlet,,,,
lyonsduke,,,,
gapsted,,,,
香天贝,,,,
buffalotrace,,,,
塞斯塔,,,,
chouffe,,,,
lefruit,,,,
princessedetarama,,,,
louisboillot,,,,
卡蒂娜庄园,,,,
yattara,,,,
campari,,,,
五粮源,,,,
地平线,,,,
risn,,,,
金龙,,,,
navarrocorreas,,,,
布纳哈本,,,,
特雷亚,,,,
麻包登,,,,
pandabrew,,,,
春天奏鸣曲,,,,
婴儿肥,,,,
mgm,,,,
金巴利,,,,
雷蒙,,,,
dynasty,,,,
chateautourcastillonchangyuyellowtailgreatwalllafitepenfoldscavicchiolidrzenzencuveedecaylus,,,,
inniskillin,,,,
altas,,,,
lintonpark,,,,
chateaupeydepont,,,,
maiselsweisse,,,,
bonaventure,,,,
布特查乐美城堡,,,,
奥萨睿欧,,,,
blackvelvet,,,,
wholefooddiary,,,,
jassedor,,,,
eva,,,,
darguner,,,,
dianjinshi,,,,
heoo,,,,
xeulos,,,,
chateaulascombes,,,,
coutelinmerville,,,,
terrasdepaul,,,,
marquesado,,,,
chateaulafiterothschild,,,,
eku,,,,
outlook,,,,
乐醅,,,,
sijitianye,,,,
红磨坊庄园,,,,
雷博士,,,,
latois,,,,
斯特拉塞斯拉,,,,
红湖,,,,
力关庄园,,,,
拉丁神话,,,,
tallerwine,,,,
icecat,,,,
wuliangyuan,,,,
historicus,,,,
贝灵哲,,,,
艾尔萨克城堡,,,,
shiwanpai,,,,
chteaulaborne,,,,
bry,,,,
santanna,,,,
grandpalace,,,,
beleden,,,,
royalfaya,,,,
edradour,,,,
阿德勒鹰,,,,
圣克莱尔,,,,
古登斯珀,,,,
诗珞珂,,,,
worldtoastliquor,,,,
哈瓦纳俱乐部,,,,
梦霏,,,,
crowndragon,,,,
爵蕾城堡干红葡萄酒,,,,
huadong,,,,
lffo,,,,
fasoligino,,,,
四焕,,,,
伯汀汉斯,,,,
altosdeluzon,,,,
乔治卡迪亚,,,,
dutaillan,,,,
mas,,,,
jiuzucun,,,,
kinghorse,,,,
caballodelasuerte,,,,
barondegrede,,,,
dreamantelope,,,,
fradios,,,,
嘉丽娜酒园,,,,
hebebay,,,,
corsendonk,,,,
akata,,,,
唯望庄园,,,,
maoxiang,,,,
teachers,,,,
金色,,,,
chateaupierredemontignac,,,,
louisdevares,,,,
avent,,,,
gjg,,,,
mq,,,,
兰敦古堡,,,,
glenmoray,,,,
chevalierdorsay,,,,
小丑,,,,
chaneliere,,,,
我有,,,,
阿斯达,,,,
bateaupiraterouge,,,,
rosemountestate,,,,
lachamiza,,,,
amelasio,,,,
lindemans,,,,
金钟庄园,,,,
satan,,,,
白鹳,,,,
lychmoussas,,,,
escot,,,,
hendricks,,,,
作品一号,,,,
chateaublaignan,,,,
新绿渊,,,,
yz,,,,
喜逢君,,,,
lionroyal,,,,
哈瓦那,,,,
格兰姆波特,,,,
bush,,,,
纾祺,,,,
麦格根,,,,
xiaoluzuofangjiu,,,,
美丽城堡,,,,
chlynchbages,,,,
pouletpreetfils,,,,
winekee,,,,
菲丝她,,,,
马伯乐,,,,
aolangboge,,,,
轩尼贝克,,,,
thema,,,,
chateaumaucamps,,,,
yisheng,,,,
vintage,,,,
mccormick,,,,
tresor,,,,
reynardiere,,,,
老尼克,,,,
blueribbon,,,,
红玫瑰庄园,,,,
芭尔格蕾,,,,
lascondes,,,,
添加利,,,,
拉图,,,,
wuliangyeluzhoulaojiaowuliangyemoutai,,,,
louisligerdubois,,,,
blackwhite,,,,
枫富城堡,,,,
tailuxing,,,,
lessecretdesmarchands,,,,
chateauhourbanon,,,,
alita,,,,
zhenju,,,,
nissin,,,,
shessiney,,,,
dongfan,,,,
rastignac,,,,
villetulipe,,,,
obermain,,,,
黄木山,,,,
portugueseconnaught,,,,
vinospumantedemisec,,,,
伯骑士,,,,
冠利,,,,
参仙源,,,,
卡奇拉,,,,
peterstewartwines,,,,
paradis,,,,
yiluminaduo,,,,
evekiss,,,,
蓝果庄园,,,,
阿德贝哥,,,,
eyespy,,,,
symphonie,,,,
巴顿公爵,,,,
antons,,,,
fresita,,,,
德劲,,,,
qilu,,,,
chevalquancard,,,,
rougesec,,,,
bailleux,,,,
白熊,,,,
mumm,,,,
lessaintes,,,,
卡特吉娜,,,,
esprit,,,,
santamia,,,,
杜乐酒庄,,,,
芳达玛,,,,
菲力克斯罗兰索卡察索,,,,
mersone,,,,
传世,,,,
茨瓦克,,,,
suamgy,,,,
圣罗西,,,,
马迪郎,,,,
小清新,,,,
金凯福,,,,
达勒文,,,,
chateautoursaintgernain,,,,
拉莫内达,,,,
shengneila,,,,
blackram,,,,
atamisque,,,,
纳媞尔,,,,
chateauteyssier,,,,
chateaulajarre,,,,
琉塞克庄园,,,,
格朗伯爵,,,,
fuguiwannian,,,,
莱菲庄园,,,,
小鲍克酒庄,,,,
arabella,,,,
vignesauvage,,,,
calina,,,,
croixmouton,,,,
云咸,,,,
lahaye,,,,
goldenchateau,,,,
舒可曼,,,,
pierrousselle,,,,
秦宗,,,,
麦肯德里克斯,,,,
茅台王子酒,,,,
ardbeguigeadail,,,,
大潮流,,,,
lingyilai,,,,
弗伦斯堡,,,,
cass,,,,
拉莫德伯爵,,,,
clavelierfils,,,,
卡美里特,,,,
瑟金特,,,,
maerchaux,,,,
elixirdelsol,,,,
阿根廷探戈,,,,
amano,,,,
拉贝斯,,,,
卡连诺,,,,
ifen,,,,
十字皇冠,,,,
贝诺斯城堡,,,,
capleonveyrin,,,,
federicopaternina,,,,
酒乡红,,,,
金盆地,,,,
larosegraviere,,,,
双喜,,,,
dreher,,,,
blackmores,,,,
卡尔斯城堡,,,,
ektimo,,,,
伊兰,,,,
bin,,,,
喜派,,,,
唐宋,,,,
casal,,,,
mosel,,,,
sauman,,,,
图卡斯特隆张裕黄尾袋鼠长城拉菲奔富酒园卡维留里德森森卡依露智象更多,,,,
maisonroyale,,,,
前门楼,,,,
xiyan,,,,
袋王,,,,
venice,,,,
蒙大菲,,,,
croute,,,,
sanfelipe,,,,
富登酒庄,,,,
拿铁,,,,
欧特红,,,,
维纳维基亚,,,,
guojin,,,,
凯撒,,,,
美意酒庄,,,,
moner,,,,
laurentperrier,,,,
chateaubarthez,,,,
chateausaintemarie,,,,
patritti,,,,
hautbellevue,,,,
junying,,,,
teatinosmoscatel,,,,
碧加侯爵酒庄,,,,
帕提约,,,,
myersdarkrum,,,,
xiaohutuxian,,,,
wurderburg,,,,
hennessyriobaileysbacardijohnniewalkerhennessyjackdanielsglenfiddi,,,,
柯瓦塔勒酒庄,,,,
reimos,,,,
蓝仙姑,,,,
grandgaillard,,,,
凌致,,,,
villamaria,,,,
云竹农庄,,,,
baronphilipperothschildmaipo,,,,
amnesia,,,,
creamers,,,,
chateaulatourdebessan,,,,
太阳魂,,,,
跃马酒庄,,,,
regalpride,,,,
chateaulagrange,,,,
金园台,,,,
prestige,,,,
拉博丝特,,,,
cellierdesdauphins,,,,
大荒魂,,,,
chateausaintchristophe,,,,
chateaubeaumont,,,,
皇傲,,,,
玛缇娜,,,,
圣禧,,,,
meillo,,,,
奥克,,,,
gaviolilambrusco,,,,
fairlight,,,,
罗克达雅庄园,,,,
拉玛榭,,,,
cambras,,,,
艾尔马达,,,,
圣玛丽城堡,,,,
爱丽舍,,,,
mansionkama,,,,
luzhoulaojiao,,,,
卡美歌,,,,
torrelongares,,,,
拉罗蒂,,,,
斯麦特,,,,
pupin,,,,
百老候庄园,,,,
吉帝酒庄,,,,
oveia,,,,
timmermans,,,,
auswancreek,,,,
钰珑,,,,
glenkinchie,,,,
汤姆队长,,,,
迪瓦拉脱维亚,,,,
branderurstoff,,,,
powerstation,,,,
wolfblass,,,,
梅多克,,,,
dukat,,,,
sanjuan,,,,
shengcermain,,,,
doudetnaudin,,,,
金钟古堡,,,,
lanjue,,,,
kerrywines,,,,
chateauhautbonneau,,,,
royalcaptain,,,,
luce,,,,
卡思黛乐,,,,
guolong,,,,
ronghe,,,,
snwines,,,,
奔放,,,,
古堡,,,,
sanxiazi,,,,
santigo,,,,
望达,,,,
chateaumongravey,,,,
montpassans,,,,
通天,,,,
皇家蒂朗,,,,
丰谷,,,,
贝卡多乐,,,,
格兰富都,,,,
贝乐威酒庄,,,,
wangfuyizi,,,,
白浪莎庄园,,,,
杰境,,,,
埃丝伯爵,,,,
路易斯安娜,,,,
杜瓦酒庄,,,,
ddiamon,,,,
习酒,,,,
coralba,,,,
bernardmadrez,,,,
harald,,,,
凯乐,,,,
wit,,,,
昂首天歌,,,,
belnormande,,,,
banchris,,,,
comtcdetreignac,,,,
negretti,,,,
spiritmonkey,,,,
圣卡斯美娜城堡,,,,
酷尔,,,,
gruaudlarose,,,,
spanishgait,,,,
iguana,,,,
雪之羚,,,,
虎牌,,,,
仙索斯,,,,
高博古堡,,,,
雄狮庄园,,,,
罗兰杜弗勒,,,,
大巴罗萨塔奴丹酒庄,,,,
nasarra,,,,
爱爵堡,,,,
菲卓,,,,
deinhard,,,,
anakena,,,,
arcobrau,,,,
高乐,,,,
cuveeselection,,,,
金鹰,,,,
西勒尼,,,,
johnniewalker,,,,
圣法比亚诺,,,,
图思,,,,
野格,,,,
内格雷迪,,,,
卡胡朗吉,,,,
爱玛乐,,,,
lebonduc,,,,
诺拉库特,,,,
dnkr,,,,
maset,,,,
chpontetcanet,,,,
浮来春,,,,
belvedere,,,,
柏图斯古堡,,,,
骊兰古堡,,,,
fisherstation,,,,
新安怡,,,,
姚明,,,,
vedettextrawhite,,,,
奇迹古堡,,,,
法莱丽,,,,
rogerperrin,,,,
chateaugrandvoile,,,,
soldechilegrandreserva,,,,
帕洛美,,,,
海歌,,,,
琶拉佐,,,,
labellevie,,,,
幸运袋鼠,,,,
talisker,,,,
隐藏的天堂,,,,
芳缇斯,,,,
langbrau,,,,
爱诗图宝塔,,,,
胖和尚,,,,
恩里克福斯特,,,,
三只熊,,,,
百钻,,,,
芳宝庄园,,,,
brandyxolouisxv,,,,
franson,,,,
江口醇泸州老窖牛栏山洋河五粮液郎酒茅台红星汾酒古井贡酒更多,,,,
lamancha,,,,
兄弟西打,,,,
沃夫皇冠,,,,
唐克鲁扎多,,,,
橙色炸弹,,,,
lustau,,,,
chateaumalbat,,,,
laoxiangguyi,,,,
生命果,,,,
maxims,,,,
douxamour,,,,
casavi,,,,
dhh,,,,
韩今,,,,
cuveepremiere,,,,
jiangkouchunluzhoulaojiaowuliangyemoutai,,,,
calafia,,,,
上博内庄园,,,,
百黛庄园,,,,
ferriere,,,,
皇家骑士,,,,
莱德庄园,,,,
百事通,,,,
金妃艳,,,,
宝蓝吉,,,,
玫瑰之恋,,,,
cunco,,,,
富豪,,,,
郁金香庄园,,,,
russianstandard,,,,
百瑞骑士,,,,
哥伦爵,,,,
norton,,,,
briccenciurio,,,,
mvp,,,,
维吉娜,,,,
沙朗王子,,,,
bordegrappe,,,,
smithhautlafitte,,,,
chateaugruaudlarose,,,,
力格勒,,,,
罗兰森堡,,,,
botticciolo,,,,
kalaer,,,,
皇族雄狮,,,,
sourceofsun,,,,
santaloreto,,,,
芬卡露米拉,,,,
kimcrawfordwines,,,,
elmolino,,,,
foivos,,,,
marie,,,,
saintgeorges,,,,
muscat,,,,
lesarceaux,,,,
贝罗尼,,,,
百露蜜,,,,
春雨桥,,,,
莫拉斯,,,,
添宝,,,,
罗马伽帝,,,,
cooperscreek,,,,
ducdemontmilan,,,,
sagaz,,,,
tolci,,,,
伊谷酒庄澳大利亚,,,,
bardinet,,,,
lamaugellerie,,,,
xiushuifang,,,,
reservedellacroix,,,,
久丰,,,,
adriano,,,,
airesandinos,,,,
chevalierdupondis,,,,
chateaulabranne,,,,
京方丹,,,,
latourdepin,,,,
李斯特,,,,
圣玛丽,,,,
smirnoff,,,,
maisonbelleroche,,,,
guolutang,,,,
molinolanghe,,,,
城堡,,,,
chcalonsegur,,,,
welsh,,,,
奥格丽,,,,
根号,,,,
克里尼利基,,,,
bomboy,,,,
chateautalaise,,,,
harbinbeer,,,,
poeta,,,,
marcelamance,,,,
onewine,,,,
大鼻子,,,,
burgess,,,,
chateaumonlot,,,,
grandsud,,,,
邦仕,,,,
cotemasrouge,,,,
franceccv,,,,
taijinshuang,,,,
domainetindell,,,,
富乐顿,,,,
kavalan,,,,
月氏人,,,,
springsonata,,,,
lepetitcaillou,,,,
芬兰伏特加,,,,
格兰菲迪,,,,
图安庄园,,,,
dukebaodragonwinery,,,,
toronegro,,,,
吉狮萨拉维,,,,
vista,,,,
冰狐,,,,
跃马城堡,,,,
prados,,,,
莫高,,,,
oranjeboom,,,,
拉拉贡庄园,,,,
roosar,,,,
chapeau,,,,
masterchoice,,,,
路易十五,,,,
domainedecartujac,,,,
图圣福庄园,,,,
赛龙,,,,
蛇毒,,,,
fengliu,,,,
冰粉红,,,,
jubilee,,,,
纳薇丽,,,,
chateautourduhautmoulin,,,,
chateaulynchbages,,,,
lemondor,,,,
安努克,,,,
威雀,,,,
lamartine,,,,
peltierstation,,,,
miko,,,,
rocherouge,,,,
嘉洛,,,,
飞鸿,,,,
chateaudubarail,,,,
莫利诺慕斯卡托,,,,
kappitel,,,,
布勒父子,,,,
马克西姆,,,,
碧安庄园,,,,
拉图克里昂,,,,
mogaogudao,,,,
leninesuperieur,,,,
宝爵庄园,,,,
高柏斯,,,,
tarapaca,,,,
funsbar,,,,
贺兰山,,,,
rebergbeer,,,,
力兹堡,,,,
卡奈帕,,,,
艾德伯格,,,,
chlamissionhtbrion,,,,
和平果,,,,
faraldo,,,,
longlijia,,,,
柏菲古堡,,,,
donopas,,,,
美漾,,,,
凯斯,,,,
王村醋,,,,
喜庆郎,,,,
十字木桐古堡,,,,
嘉思特,,,,
chateausenailhac,,,,
rivergum,,,,
chateautourcaillet,,,,
cougar,,,,
天使鱼,,,,
史嘉隆,,,,
denninghoff,,,,
圣伽美城堡,,,,
hackerpschorr,,,,
马蒂奥城堡,,,,
特隆贝特,,,,
ducdelouissandret,,,,
艾莉塔,,,,
liangzhu,,,,
放肆吧,,,,
丽仙堡,,,,
laseritdevooire,,,,
小巴黎,,,,
andes,,,,
爱乐活,,,,
皇家红,,,,
卡斯特罗,,,,
chducrubeaucaillou,,,,
茹沛,,,,
lapostolle,,,,
chateaubelordre,,,,
卡贝鲁斯酒庄,,,,
marquisdeschubert,,,,
狮倍赛,,,,
princederamurelle,,,,
chateaucroizetbages,,,,
阳之源,,,,
yatangwines,,,,
卡莱斯,,,,
柴木牌,,,,
fincalanina,,,,
黑文斯,,,,
爱士图尔庄园,,,,
lachesnelle,,,,
worldgranary,,,,
chateaurousseaudesipian,,,,
卡迪桥,,,,
lavandesec,,,,
castillodesoliera,,,,
星琥,,,,
matteo,,,,
尚贝隆,,,,
卡维尔,,,,
天诺马克西姆,,,,
林源春,,,,
engelszell,,,,
双河,,,,
罗兰德拜酒庄,,,,
冰露,,,,
castillodeflores,,,,
chgruaudlarose,,,,
拉斯康德酒庄,,,,
穆勒庄园,,,,
chateaupeyratfouthon,,,,
轩昂,,,,
高尔曼,,,,
moskovskaya,,,,
拉波特,,,,
chateaugruandlarose,,,,
格兰迪酒庄,,,,
路易卡斯堡,,,,
诗韵,,,,
良友,,,,
拉菲长城奔富酒园干露张裕威赛帝斯黄尾袋鼠月亮之吻宝黛更多,,,,
datangshenyun,,,,
claudechonion,,,,
天瑞,,,,
fantastique,,,,
flc,,,,
雪花,,,,
卡拉尔,,,,
casabner,,,,
randmitterfrancois,,,,
jad,,,,
marquis,,,,
themine,,,,
多娜佳塔酒园,,,,
拉雅,,,,
yamoo,,,,
chateaudarsac,,,,
醉爱,,,,
krustall,,,,
帝王,,,,
chateaugrandpuylacoste,,,,
施华罗尼,,,,
mijiang,,,,
天马,,,,
yanghe,,,,
runkel,,,,
潦乡古彝,,,,
chateaugiscours,,,,
璞鲁斯,,,,
瑞纳伯爵,,,,
路得万,,,,
拉罗塔,,,,
圣乔治酒庄,,,,
康塔莱斯,,,,
原韵,,,,
hainnburg,,,,
fannybay,,,,
爱丝菲,,,,
提亚提诺斯,,,,
拉歌亚酒庄,,,,
semeillanmazeau,,,,
schlossbiebrich,,,,
khareba,,,,
小卡丽勒,,,,
yamazaki,,,,
villahermosa,,,,
rouxprefils,,,,
langers,,,,
丰铎酒庄,,,,
vindart,,,,
peppermint,,,,
backforty,,,,
marqisdebalmelle,,,,
奥贝乐威酒庄,,,,
小酒桶张裕奔富酒园黄尾袋鼠拉菲长城爱之湾干露卡依露凯斯勒更多,,,,
trumpeter,,,,
lecardinal,,,,
babyfat,,,,
普罗旺斯,,,,
cularobins,,,,
高斯比,,,,
shenxianyuan,,,,
梦色堡,,,,
tobermory,,,,
canepa,,,,
tierraartajona,,,,
王薇薇,,,,
princederevole,,,,
学厨,,,,
chateaumarjosse,,,,
玛希兰塔古堡,,,,
乐品酒,,,,
rservedelacomtesse,,,,
saintmorand,,,,
粉象,,,,
smate,,,,
urmeneta,,,,
chateauprieuredeblaignan,,,,
玛莎,,,,
vilena,,,,
家和酒业,,,,
senoriodelosllanos,,,,
chateaumoncets,,,,
jiufeng,,,,
马戏团,,,,
格兰昆奇,,,,
珍妮丝,,,,
goldpreorety,,,,
西安特曲,,,,
好知己,,,,
laconquista,,,,
jameson,,,,
蔷薇庄之旅,,,,
seilon,,,,
德万利,,,,
clementpichon,,,,
犀牛酒庄,,,,
happier,,,,
castillovinaral,,,,
香田庄园,,,,
pauserustiquoise,,,,
tangoargentino,,,,
秀水坊,,,,
goesweii,,,,
redgirl,,,,
koalahong,,,,
万顺,,,,
napolunshengzhan,,,,
蜂鸟,,,,
sternchenfort,,,,
brauschlossl,,,,
mamouth,,,,
布兰维尔,,,,
moais,,,,
konomi,,,,
baishuidukang,,,,
chevaliergres,,,,
维安娜干红,,,,
taylors,,,,
皮尔夏浓,,,,
chateausaintchristoly,,,,
莎蒂拉妮,,,,
四洛克,,,,
圣西蒙,,,,
玫瑰之约,,,,
chateaurosecantegrit,,,,
蕾格特城堡,,,,
伶猴,,,,
拉菲特卡尔斯特古堡,,,,
drillon,,,,
shazhuang,,,,
查理红,,,,
猛士,,,,
hautbatailley,,,,
帕特妮娜酒庄,,,,
曼奇康,,,,
圣鲁斯科,,,,
德米诺酒庄,,,,
prieurelichine,,,,
天雅,,,,
mahou,,,,
mainalo,,,,
vieuxchateaulandon,,,,
ramadeoro,,,,
saintpaul,,,,
茱柯,,,,
达洛城堡,,,,
艾伦堡,,,,
sishan,,,,
constantinusrossoigp,,,,
treeofknowledge,,,,
宝马庄园,,,,
奥威,,,,
flora,,,,
苏连红,,,,
chcanon,,,,
哈尔滨,,,,
奥拉维亚,,,,
amezola,,,,
berville,,,,
梦洛诗庄园,,,,
rexgoliath,,,,
吻红唇,,,,
公鸡村庄,,,,
gollorguais,,,,
碧尚女爵古堡,,,,
象本,,,,
glenelgin,,,,
chateaubranaireducru,,,,
哈姆金欧,,,,
红酒,,,,
卡拉,,,,
云岭,,,,
阿利斯桥,,,,
saintpeak,,,,
小酒桶,,,,
hautpeyruguetblanc,,,,
captaincook,,,,
帕桑迪,,,,
antonymorato,,,,
爱之湾,,,,
柏林人,,,,
苏娜尔,,,,
bouquet,,,,
wineoffire,,,,
vfruits,,,,
迈斯特,,,,
路易骑士酒庄,,,,
gadmei,,,,
圣迪斯,,,,
天鹅庄,,,,
melchers,,,,
罗纳皇冠,,,,
rheinhessen,,,,
泸州,,,,
杜柏威,,,,
vilamerun,,,,
旷野美乐,,,,
法丝,,,,
peddir,,,,
巴罗萨古堡塔奴丹酒庄,,,,
加图雅酒庄,,,,
bagliolemole,,,,
michotte,,,,
味觉狂风,,,,
奥博维,,,,
haigclub,,,,
andrassy,,,,
hite,,,,
金徽,,,,
gemeillan,,,,
圣尔曼城堡,,,,
举世峰,,,,
yali,,,,
桥恋,,,,
lofibo,,,,
tokaji,,,,
moulinderogne,,,,
玛姆,,,,
台陆兴,,,,
caoyuanxishun,,,,
lepey,,,,
vincentmorey,,,,
赛格拉,,,,
合润,,,,
欧本,,,,
维多利亚酒庄,,,,
百乐酒庄,,,,
布什,,,,
斯坎伦,,,,
chpouget,,,,
lamont,,,,
degli,,,,
老塞丹庄园,,,,
雪树伏特加,,,,
disaronno,,,,
战鹰,,,,
朗博,,,,
luzhoulaojiaoluzhoulaojiaowuliangyemoutai,,,,
bist,,,,
国隆,,,,
凯撒男爵,,,,
安德瑞,,,,
歌思酒庄,,,,
licher,,,,
贝特露丝,,,,
livingpure,,,,
博纳盖特古堡,,,,
bulldog,,,,
孔亚历,,,,
將門嬌子,,,,
hollerlhaute,,,,
阿姆尼斯亚,,,,
劲舞,,,,
帕斯卡,,,,
chateaulacourjacquet,,,,
pinotnoir,,,,
chateaudechantegrive,,,,
branasgrand,,,,
虞美人,,,,
大眼睛,,,,
briot,,,,
君悦城堡,,,,
sissan,,,,
herkenrode,,,,
larosegadis,,,,
cortemedicea,,,,
bundabrg,,,,
皇轩,,,,
carlsberg,,,,
小炉作坊酒,,,,
绚彩,,,,
jiugui,,,,
弗瑞斯,,,,
chcoutet,,,,
chateausimard,,,,
茉莉花,,,,
cerejinha,,,,
富国壹号,,,,
匪徒,,,,
法索基诺,,,,
chateaumoulinavent,,,,
蜜桃,,,,
克里索胡,,,,
海象,,,,
鲁道夫,,,,
chateausnilhaclaprade,,,,
deguste,,,,
托雷洛,,,,
伯尔瓦侯爵,,,,
阿道克,,,,
cotemas,,,,
骏马酒庄,,,,
dornleem,,,,
凯洛特城堡,,,,
达尔维尼,,,,
pampaestate,,,,
亚兰尼斯,,,,
十字军旗,,,,
kahurangi,,,,
宝梦,,,,
carbonell,,,,
belusow,,,,
rasmoxo,,,,
hautesouches,,,,
考维酒园,,,,
mtq,,,,
大公鸡,,,,
peroni,,,,
grandominio,,,,
监粮,,,,
muraillesdusud,,,,
in,,,,
comedie,,,,
lucianoarduini,,,,
铎卡斯酒庄,,,,
勒尼圣,,,,
lilianladouys,,,,
carruadesdelafiterothschild,,,,
美颂蓓乐思,,,,
拉赛尔城堡,,,,
七彩酒园,,,,
chateauhautgay,,,,
jinyuantai,,,,
埃马斯罗庄园,,,,
antoinecattin,,,,
波特瓦城堡,,,,
jeanjean,,,,
拉杜尔,,,,
格兰御鹿,,,,
嘉里一酒香,,,,
laporte,,,,
百事利,,,,
sainthilaire,,,,
delacroix,,,,
terrederoquende,,,,
韦森,,,,
索乐侯爵,,,,
圣丹尼诗,,,,
chateaulivran,,,,
chateaulacolinedaubin,,,,
chteaulovillepoyferr,,,,
castillocloris,,,,
温莎,,,,
tilanereal,,,,
缪斯,,,,
yellowtail,,,,
waidmannsbrau,,,,
云顶,,,,
lepin,,,,
siesta,,,,
domainedebray,,,,
苏拉尔,,,,
jellybelly,,,,
奥美勒,,,,
villabelda,,,,
康盛银子弹,,,,
冷谷,,,,
haday,,,,
hansschiller,,,,
宝黛,,,,
enata,,,,
louiscasbao,,,,
美得来,,,,
泰山啤酒凯尔特人哈尔滨牌百威青岛啤酒嘉士伯德拉克瓦伦丁奥丁格更多,,,,
高铎,,,,
lesfortsdelatour,,,,
lalauzette,,,,
威佰利,,,,
chateaubuttedecharlemagne,,,,
芳塔斯,,,,
亨庭德尔,,,,
白十字城堡,,,,
guillaumegros,,,,
maoliang,,,,
生力啤酒,,,,
lane,,,,
stone,,,,
apexlife,,,,
雷斯慕,,,,
滴秋,,,,
mathilde,,,,
麦戈,,,,
道尔酒庄,,,,
皇家俱乐部,,,,
圣菲玛歌,,,,
amarula,,,,
yinzhuangshengyan,,,,
大风车,,,,
宝路喜,,,,
vsj,,,,
培里奥,,,,
unicum,,,,
solmio,,,,
波尔多,,,,
菲堡,,,,
凤柳,,,,
飞鱼,,,,
圣蒂雅庄园,,,,
chtiblonde,,,,
bacalan,,,,
小橘屋,,,,
芭塔,,,,
chantelledesvins,,,,
ferreira,,,,
俱乐部,,,,
soljans,,,,
renaissance,,,,
西蒙,,,,
chateaudesaillans,,,,
老柜台,,,,
frande,,,,
brownbrotherslafitepenfoldsgreatwallchangyuyellowtailconchaytorobaciodellalunacavicchiolivindecommunauteeuropeennegrandeveque,,,,
borderouge,,,,
朗特堡,,,,
donluciano,,,,
彼巴慕斯,,,,
laphroaig,,,,
天乐,,,,
masiadeprince,,,,
蒙罗德里戈,,,,
屈臣氏,,,,
君顶酒庄,,,,
jinliufu,,,,
torreoria,,,,
双沟,,,,
哈尔滨啤酒,,,,
菲斯特,,,,
豪克玛歌庄园,,,,
蒙蒂娜天使,,,,
布里翁城堡,,,,
faucon,,,,
梁祝,,,,
bainsweeney,,,,
diabilic,,,,
petitbaraillet,,,,
爱瑞香苑,,,,
查尔斯科比埃,,,,
美人鱼古堡,,,,
马利诺,,,,
圣卡罗,,,,
夏桑园,,,,
丝彤,,,,
deleite,,,,
chapellesaintebarbe,,,,
alma,,,,
蒂她,,,,
guldenspoor,,,,
cavalchina,,,,
荣格派,,,,
泰菲,,,,
estival,,,,
sukibakery,,,,
alberellorosso,,,,
taishanpai,,,,
科纳,,,,
horizonte,,,,
yingchun,,,,
阳光庄园顶级,,,,
洛克维古堡,,,,
品乐佳,,,,
khne,,,,
vinaalbina,,,,
cielo,,,,
glengrant,,,,
威士顿,,,,
莫斯曼,,,,
欧蒙特,,,,
美圣世家,,,,
chateauboispertuis,,,,
斯哈宝仓酒庄,,,,
波力可夫,,,,
法郎妮,,,,
xuanang,,,,
froy,,,,
拉图嘉利庄园,,,,
帕翠莎,,,,
艾高杜苏德,,,,
spiritofsheep,,,,
opera,,,,
保伊,,,,
贺尼磨坊,,,,
维尔茨堡,,,,
juicetown,,,,
斯皮尔,,,,
chateaubegadanet,,,,
lagrima,,,,
阿鲁索,,,,
frukoschuls,,,,
雷尼,,,,
kuixiang,,,,
拉卡皮特天橙,,,,
kadiz,,,,
faber,,,,
taibai,,,,
chateaupetrus,,,,
dragonseal,,,,
dianyuan,,,,
lacapitelle,,,,
jipio,,,,
onez,,,,
hellokitty,,,,
宝麟城堡,,,,
beefeater,,,,
sailorjerry,,,,
bluegrovehil,,,,
仙山露,,,,
chateaurollandeby,,,,
嘉瑞庄园,,,,
liebfraumilch,,,,
卡莱,,,,
cantinediora,,,,
flyingdog,,,,
越橘庄园,,,,
quintadacastainca,,,,
lalandcountessmanor,,,,
fortuna,,,,
miracle,,,,
gisbelle,,,,
翎队,,,,
马佳连妮,,,,
乐邦,,,,
艾斯堡,,,,
齐鲁,,,,
croix,,,,
weisen,,,,
贝达,,,,
denken,,,,
贝扎克酒庄,,,,
vinaangela,,,,
枫情,,,,
nezhahill,,,,
westvleteren,,,,
巴黎之花,,,,
losvascos,,,,
laolongkou,,,,
树熊王国,,,,
金健怡,,,,
jerxun,,,,
珈奥,,,,
fonreaud,,,,
使勒森,,,,
saintclairmarlborough,,,,
martina,,,,
威力德,,,,
shiye,,,,
红秀山庄,,,,
雷司令,,,,
grandduc,,,,
qianying,,,,
comterossi,,,,
cascina,,,,
labach,,,,
marquisdebargeval,,,,
changyu,,,,
schlossgobelsburg,,,,
碧尚伯爵,,,,
fier,,,,
华乐达,,,,
sanmiguel,,,,
斗牛式,,,,
maisongutao,,,,
龙徽,,,,
卡维罗,,,,
米客,,,,
zber,,,,
teracine,,,,
巴乐斯,,,,
佰斯德利,,,,
royalleaf,,,,
shaya,,,,
dewanli,,,,
路易斯伯爵,,,,
西凤,,,,
comtessedegrignan,,,,
huepil,,,,
jules,,,,
thehighroad,,,,
henkelltrocken,,,,
圣米亚,,,,
chateauhautcanteloup,,,,
旗舰,,,,
theapprentice,,,,
reserve,,,,
louisvton,,,,
卡萨布兰卡酒庄,,,,
洛克酒庄,,,,
奥斯陆侯爵,,,,
domainetranquillite,,,,
凯诗庄园,,,,
维博帝,,,,
查理斯堡,,,,
springbank,,,,
高原骑士,,,,
贵族,,,,
labonavida,,,,
必得利,,,,
杏丘,,,,
图鲁鲁,,,,
ika,,,,
bitburger,,,,
吉龙威尔城堡,,,,
纳萨雷,,,,
玛尔斯庄园,,,,
monterreal,,,,
lesdauphins,,,,
ccewineryroad,,,,
蒙特泉,,,,
belunion,,,,
敬农,,,,
sanwald,,,,
大唐神蕴,,,,
chateaumoulindeblanchon,,,,
宝嘉龙古堡,,,,
奥巴里奇城堡,,,,
chateaulafont,,,,
大别山的问候,,,,
卡诺女神,,,,
brightwinecellar,,,,
turmherren,,,,
bayueguihuaxiang,,,,
特拉斯干红,,,,
tianmubluebird,,,,
巴格缇欧尼,,,,
克罗斯蒂洛卡,,,,
medolot,,,,
gironville,,,,
chcosdestournel,,,,
medialuna,,,,
yelanggu,,,,
汀斯顿,,,,
庄园,,,,
威登堡庄园,,,,
袋鼠,,,,
德森森,,,,
塞墨勒,,,,
xiecunqiaopai,,,,
鑫酱香源,,,,
thaifortmanor,,,,
山崎,,,,
绿色精灵,,,,
交响乐,,,,
翡马,,,,
极光,,,,
chateauduthil,,,,
chateautoursaintfort,,,,
狂野非洲,,,,
甘露之城,,,,
丽利黛尔,,,,
珍夏,,,,
黄金海角,,,,
柏丽莱,,,,
帝朵,,,,
elephas,,,,
维尼戈,,,,
rubykist,,,,
黑白狗,,,,
ajereznergro,,,,
狮冠,,,,
拉贝拉,,,,
法奥,,,,
桑塔丽塔,,,,
小巴加,,,,
tyrrells,,,,
veuveclicquot,,,,
meyre,,,,
bevanda,,,,
graf,,,,
princessanne,,,,
thermos,,,,
tafa,,,,
lamoneda,,,,
拉玛赫,,,,
百丽诗,,,,
parisseduction,,,,
sutterhome,,,,
方向标,,,,
特尔福,,,,
vinaalbali,,,,
briegocrianza,,,,
dallau,,,,
stephanbraun,,,,
富迪酒庄,,,,
洱宝,,,,
beauteduterroir,,,,
台湾啤酒,,,,
cordes,,,,
巴布莱尔,,,,
萨奇,,,,
speyburn,,,,
飞狗,,,,
reguengodemelgaco,,,,
冰爵,,,,
诗密拉菲特城堡,,,,
雅克杜布,,,,
debraude,,,,
萨朗索酒庄,,,,
多朗克,,,,
桑雅酒庄,,,,
muscatdebeaumesdeveniseblanc,,,,
拉芙歌,,,,
姚奶爸,,,,
lecloitreduchateauprieurelichine,,,,
飞天,,,,
volodinka,,,,
格拉夫伏特加,,,,
somso,,,,
菲斯奈特,,,,
帝露,,,,
伊鲁米纳多,,,,
歌堡,,,,
大主教,,,,
canadapurenatural,,,,
雅诺,,,,
mchotdogflame,,,,
拉法叶,,,,
dalmore,,,,
卡斯特,,,,
luosichengbao,,,,
sanbenni,,,,
anya,,,,
越洲,,,,
bowmore,,,,
kedbrick,,,,
hhdeinks,,,,
qiuhe,,,,
美景,,,,
左美,,,,
gandoyperrinat,,,,
julebelin,,,,
杰可露,,,,
menageatrois,,,,
buzet,,,,
saintloutzchantloup,,,,
尚德酒庄,,,,
帝美,,,,
bellevue,,,,
jianliang,,,,
rolandsymbole,,,,
凯尔特人,,,,
心之家,,,,
lacroixdaujarais,,,,
loulan,,,,
kissingbridge,,,,
都诺,,,,
风土田园,,,,
圣菲尔德,,,,
asher,,,,
caney,,,,
jiangmenjiaozi,,,,
路易铂登,,,,
chateauletemple,,,,
丹妮奇特,,,,
诗粹珂,,,,
yunlu,,,,
麦颂,,,,
vogeln,,,,
威德默兄弟,,,,
皇家紫月,,,,
帕拉马,,,,
kobayashi,,,,
翰圣,,,,
mauricegavignet,,,,
金帆,,,,
伯爵仕,,,,
吉娜斯,,,,
布朗之巅,,,,
乐时黑醋粟,,,,
阿维,,,,
罗伯乐富齐,,,,
杰克丹尼,,,,
baohe,,,,
可口可乐,,,,
xiyun,,,,
lafiechejeanphilippejanoueix,,,,
rrq,,,,
knightsofthedawn,,,,
cosdestournel,,,,
lacampagne,,,,
siropacenti,,,,
夜郎古,,,,
杜扎克庄园,,,,
卡波纳,,,,
loirac,,,,
kona,,,,
克罗地亚,,,,
伊莎特,,,,
西麦尔,,,,
boomerang,,,,
charlesdefrance,,,,
griffins,,,,
vignavecchia,,,,
gufa,,,,
descurac,,,,
诺德雷德,,,,
churchill,,,,
moscatodasti,,,,
玺诺,,,,
地中海田园,,,,
dile,,,,
baodingbainian,,,,
凯特瑞娜,,,,
lucas,,,,
种植者之门,,,,
threebears,,,,
chateaureynats,,,,
科罗娜,,,,
tarnas,,,,
红狐,,,,
fontandelallienrouge,,,,
戎子酒庄,,,,
berlinerkindl,,,,
凯灵顿庄园之花,,,,
chateaulassus,,,,
蓝色妖姬,,,,
beaudefrance,,,,
pistonhead,,,,
baroncharles,,,,
chateaucoufran,,,,
维纳奥里亚,,,,
doncruzado,,,,
莫高古道,,,,
安蒂诺,,,,
planters,,,,
tomillar,,,,
lesormessorbet,,,,
domainemarchandfreres,,,,
roresherz,,,,
louisxo,,,,
nouriz,,,,
eichbaum,,,,
beidacang,,,,
安特斯,,,,
fombrauge,,,,
agavales,,,,
latinvid,,,,
路易菲利普,,,,
亚伯乐,,,,
rivercrest,,,,
美丽河城堡,,,,
骑士格雷,,,,
宝汀顿,,,,
buyante,,,,
璞达,,,,
grazia,,,,
秋禾,,,,
秦洋牌,,,,
胡吉尔佳酿干红葡萄酒,,,,
mazails,,,,
尚贝萨克,,,,
spirella,,,,
nbnc,,,,
巴骊宫城堡,,,,
波儿庄园,,,,
夏马巷,,,,
万宝,,,,
sirharald,,,,
百加得,,,,
jointek,,,,
chateauamber,,,,
菈维,,,,
naudelle,,,,
weissrossl,,,,
georgescartier,,,,
saintvivant,,,,
lavergne,,,,
纳格力特,,,,
卡布拉沃,,,,
blume,,,,
抱龙山牌,,,,
pearlriver,,,,
皇马,,,,
白洋河,,,,
布雷帝国,,,,
lafleurgloria,,,,
拉兰德伯爵夫人庄园,,,,
考拉王,,,,
jinzhuangshengyan,,,,
罗浮道家香,,,,
轩诺斯,,,,
拉古斯城堡,,,,
朗格斯,,,,
火龙,,,,
派莫拉,,,,
上慕琳塔酒庄,,,,
瑞莉,,,,
louisroland,,,,
诺尊,,,,
山图,,,,
尚蒙丹,,,,
chateaufombrauge,,,,
laguat,,,,
马奥,,,,
chateaulagorre,,,,
孚卢克,,,,
磨坊珍宝,,,,
萨朗德城堡,,,,
palaisgloria,,,,
布朗康田庄园,,,,
louisdevenenge,,,,
chpichonbaron,,,,
繁华,,,,
尤金庄园,,,,
delamotte,,,,
blackcuvee,,,,
missonbell,,,,
lesportesdebacalanrouge,,,,
五鳯玉,,,,
chteaudeparsac,,,,
拉柏丽维雅,,,,
模特坊城堡,,,,
margauxdeagle,,,,
xingqing,,,,
hispanus,,,,
maybach,,,,
蒂涅酒庄,,,,
拿皇,,,,
凯隆世家古堡,,,,
cuveedestrolls,,,,
latourlaguens,,,,
阿半多,,,,
索伦堡,,,,
罗杰佩兰,,,,
marcoamaronedella,,,,
gallofamilyvineyards,,,,
heredadgraula,,,,
圣母之心,,,,
路易马克斯,,,,
玛俪庄,,,,
智猴,,,,
wallen,,,,
迎宾,,,,
天鹅湖,,,,
班露,,,,
chateautoursaintbonnet,,,,
曼诺,,,,
利波,,,,
苏格兰百富,,,,
adelbergwinecellar,,,,
southerncomfort,,,,
布蓝酒庄,,,,
清香福,,,,
glendronach,,,,
diable,,,,
dominantestate,,,,
爱天使,,,,
世尊,,,,
玛歌王后酒庄,,,,
shake,,,,
格兰,,,,
欧德萨,,,,
噶玛兰,,,,
henkel,,,,
弗莱斯凯罗,,,,
belma,,,,
金卡露,,,,
酒祖村,,,,
乐夫普勒庄园,,,,
hm,,,,
benchmark,,,,
邮编,,,,
lasmoras,,,,
villefleur,,,,
abando,,,,
andescondor,,,,
duchdebourgogne,,,,
罗玛尼,,,,
狄邦骑士,,,,
弋林,,,,
古永,,,,
havanaclub,,,,
jbx,,,,
premius,,,,
西福莱特伦,,,,
napacellars,,,,
美悦城堡,,,,
摩泽尔,,,,
chateaudaugay,,,,
赛瑞欧,,,,
classivm,,,,
丹尼斯,,,,
steenbrugge,,,,
蒂斯卡,,,,
dragonru,,,,
katlenburger,,,,
克杜宾,,,,
wohave,,,,
cascavelmediterranee,,,,
chalihong,,,,
大亨,,,,
mourabasto,,,,
卡利拉图,,,,
sternquell,,,,
krombacher,,,,
布鲁斯特,,,,
ancnoc,,,,
chateaudubreuil,,,,
夏天狼,,,,
yuchan,,,,
jeandegue,,,,
白豹城堡,,,,
罗博克,,,,
aobull,,,,
neiliangjiuye,,,,
dab,,,,
taidao,,,,
图雷诗特,,,,
郎格罗,,,,
尚吉古堡,,,,
stdenis,,,,
诱惑,,,,
castillo,,,,
vegacristina,,,,
传奇,,,,
marquisdegranval,,,,
蒂卡尔,,,,
pinjiushi,,,,
塔法碧朗酒庄,,,,
罗第,,,,
歌娜斯,,,,
tworivers,,,,
奥索,,,,
angelscastle,,,,
艾丽尤斯,,,,
papership,,,,
露松酒庄,,,,
jiangzhongjiang,,,,
圣安娜,,,,
ocobomy,,,,
靓次伯古堡,,,,
纽慕,,,,
effie,,,,
罗斯庄园干红葡萄酒,,,,
罗蔓,,,,
closbagatelle,,,,
coleccion,,,,
banrockstation,,,,
维达斯,,,,
可达万里,,,,
威龙,,,,
莫利诺内比奥罗,,,,
chateautourteran,,,,
vinodevisciole,,,,
pfeiffer,,,,
egribikaver,,,,
cheteauchavrignac,,,,
bluelover,,,,
guinness,,,,
cuttysark,,,,
bote,,,,
圣艾玛,,,,
fluke,,,,
十字城堡,,,,
红广场,,,,
非洲地平线,,,,
stassen,,,,
牛魔王,,,,
美月,,,,
iheart,,,,
baronsalosanne,,,,
champsnormonde,,,,
purecountry,,,,
bgs,,,,
dwbs,,,,
chateaubelormetronquoydelalande,,,,
yijiuyiwu,,,,
米全,,,,
伊娃,,,,
幸运之马,,,,
德索萨庄园酒庄,,,,
andrelurton,,,,
yuchengshaofang,,,,
darkhorse,,,,
constante,,,,
leclosdeblancheuil,,,,
罗兰宫殿,,,,
godly,,,,
爱慕,,,,
widness,,,,
斯泰格,,,,
塔拉玛公主,,,,
伊甘古堡,,,,
三茵,,,,
安东尼卡丹,,,,
文森莫利,,,,
图伦,,,,
ghirardelli,,,,
masdoix,,,,
fastant,,,,
fontis,,,,
allozo,,,,
贝克曼,,,,
九里春,,,,
葛雷奥利,,,,
普瓦图庄园,,,,
montelou,,,,
阿洛卡,,,,
chateaula,,,,
chaplinshill,,,,
丰收,,,,
ciroc,,,,
古井贡,,,,
美亚庄园,,,,
凡姆拉夫,,,,
chateauroquegrave,,,,
ogier,,,,
kameige,,,,
antares,,,,
trululu,,,,
波图斯,,,,
老橡树,,,,
安第斯火烈鸟,,,,
nottola,,,,
佳斯巴塔,,,,
博阿鲁,,,,
东方红,,,,
costamaria,,,,
gazi,,,,
蒙卡维城堡,,,,
eyssergraf,,,,
valdemar,,,,
力士金古堡,,,,
圣安,,,,
彩风,,,,
皇菲,,,,
丰坦弗兰,,,,
爱慕酒庄,,,,
meiyue,,,,
bournac,,,,
达洛,,,,
lacuveeisabelle,,,,
ducdecesar,,,,
布赫拉迪,,,,
姐妹厨房,,,,
菲兆姆,,,,
bravo,,,,
高德堡,,,,
飞卓庄园,,,,
jpd,,,,
andrewharris,,,,
花仙子,,,,
raynal,,,,
玛伦可,,,,
牛气十足,,,,
fongaro,,,,
brouczech,,,,
durlacher,,,,
圣觅仙庄园,,,,
siredwards,,,,
matsisseaged,,,,
马槽山,,,,
雪力,,,,
可口美,,,,
悠云岛,,,,
chateaulesgrangesdecivrac,,,,
bainiandijiao,,,,
蓝带,,,,
bellevuecantera,,,,
danniqite,,,,
danzka,,,,
阿斯巴赫,,,,
安娜,,,,
fontainedelavigne,,,,
高卢雄鸡,,,,
vestigesromains,,,,
chateaumuret,,,,
嘎子,,,,
trocard,,,,
ketelone,,,,
比泽,,,,
雅立,,,,
legrandmaulneaop,,,,
奥朗博格,,,,
沐诺,,,,
薩羅娜,,,,
yunsanguo,,,,
艾可德娜,,,,
沃德雷,,,,
chateaugrandis,,,,
lafontdesvignes,,,,
月亮之吻,,,,
gresdesolivierschangyuyellowtailgreatwalllafitepenfoldscavicchiolidrzenzencuveedecaylusconchaytoro,,,,
paloumey,,,,
paulaner,,,,
onelove,,,,
huidehao,,,,
金库酒窖,,,,
terre,,,,
cambonlapelouse,,,,
dachaoliu,,,,
lehelius,,,,
哈拉尔德爵士,,,,
molihua,,,,
瑞斯,,,,
lavarini,,,,
castelas,,,,
雪夫,,,,
雪域圣烽,,,,
狄士美庄园,,,,
帝富,,,,
胡氏父子酒庄,,,,
sansimon,,,,
海茵,,,,
odenir,,,,
lermitage,,,,
chlevangile,,,,
莱宝鲜啤,,,,
拉加尔阿尔托干红葡萄酒,,,,
塞帕志罗维拉巴克斯,,,,
玛柏城堡,,,,
shetai,,,,
comtedebadem,,,,
复兴,,,,
御寿堂,,,,
devisedardilley,,,,
列吉塞,,,,
qijian,,,,
warramunda,,,,
sincy,,,,
百事,,,,
弗洛尔,,,,
chateauhourtinducasse,,,,
摩兰都,,,,
布马,,,,
aocbordeauxsup,,,,
和牌,,,,
圣塔克鲁,,,,
sunar,,,,
轩尼诗,,,,
soumah,,,,
shiloh,,,,
意利,,,,
tanggier,,,,
zenzuz,,,,
heyun,,,,
圣巴巴拉,,,,
sunspitit,,,,
chapelhill,,,,
皇家路易斯顿,,,,
翠松,,,,
twelveridge,,,,
安第斯,,,,
酝思,,,,
boyake,,,,
慕瑞斯酒庄澳大利亚,,,,
泸州老窖,,,,
goldenerstier,,,,
cartagena,,,,
monedasdeoro,,,,
famillelennon,,,,
安丽诺,,,,
柏王芙庄园红葡萄酒,,,,
林荫大道,,,,
圣地歌,,,,
faena,,,,
thwine,,,,
originalidad,,,,
lacuveemagique,,,,
卓龙梦特庄园,,,,
casamaria,,,,
maindivide,,,,
collectionalaincorcia,,,,
玛莎蜜,,,,
帝萨诺,,,,
candiny,,,,
chateaucheneliege,,,,
力士金庄园,,,,
斯米诺,,,,
oldsmuggler,,,,
chateaulesclottiers,,,,
灵魂之光,,,,
布朗康田酒庄,,,,
山海府,,,,
麦高瑞,,,,
洛奇比尔,,,,
marquisromuald,,,,
吉纳,,,,
克拉格摩尔,,,,
fincamartina,,,,
imperialhorse,,,,
explotacioneshermanosdelgadlsl,,,,
维拉金卡,,,,
曼拉维,,,,
马贝蒂伯爵,,,,
沙皇伏特加,,,,
camary,,,,
anjou,,,,
瓦伦诺,,,,
纳德乐,,,,
chateaugandoyperriant,,,,
saluona,,,,
皇家托卡伊,,,,
皮尔男爵,,,,
redhillestate,,,,
babich,,,,
夺目,,,,
villedelapluie,,,,
莱乐斯城堡,,,,
魅影,,,,
elcorteingles,,,,
lancomerose,,,,
老农场,,,,
soldechilereserva,,,,
满月,,,,
同仁堂,,,,
范思哲,,,,
玛利昂,,,,
老龙口,,,,
vivante,,,,
chateaucloudupin,,,,
magicice,,,,
琼兴城堡,,,,
古林酒庄,,,,
安德里诺,,,,
台阶,,,,
jiulichunjiuye,,,,
丹泉酒业,,,,
bestly,,,,
伊卡,,,,
马普奇,,,,
艾柯缇摩,,,,
fontamara,,,,
吊死鬼,,,,
吉拉,,,,
feist,,,,
hautbourcier,,,,
德圣保罗,,,,
汾杏,,,,
beautycastle,,,,
纳德隆,,,,
menggewei,,,,
outbackjack,,,,
五彩羊,,,,
丰颂,,,,
cuveeprestige,,,,
aspall,,,,
马莎,,,,
吉特,,,,
藤语,,,,
百乐芝,,,,
法拉利,,,,
chateaulafougere,,,,
chateaucantenacbrown,,,,
rioanejo,,,,
杰西,,,,
塞莱斯,,,,
olivades,,,,
松风酒庄,,,,
梅克伦堡,,,,
gelang,,,,
奥蒂兰丝,,,,
慕丝妮,,,,
柏瑞酒庄,,,,
嘉露,,,,
hanjin,,,,
圣母之泉,,,,
wegbereiter,,,,
神猎者,,,,
栗林,,,,
riegele,,,,
cuveeplios,,,,
御茶膳房,,,,
daqinglaojiao,,,,
喜达纳黑马,,,,
嘉宝雅邑,,,,
fincalaseda,,,,
玛歌雷特,,,,
saintcabiria,,,,
gdzhuang,,,,
老爷爷,,,,
蒙迪美,,,,
dbsdwh,,,,
chaisdubatard,,,,
富贵万年,,,,
xixiaking,,,,
jpchenet,,,,
pinkkiller,,,,
鹿跃酒庄,,,,
vakakis,,,,
韦内特,,,,
安第神鹰,,,,
金玫瑰古堡,,,,
克罗,,,,
金猴,,,,
德威堡,,,,
金色嘉邑香,,,,
huiye,,,,
泰山牌,,,,
菲乐,,,,
保巴加庄园,,,,
婷芭克世家,,,,
古立特,,,,
nobleland,,,,
圣贝尼,,,,
莫里,,,,
saintlouis,,,,
kairos,,,,
pecquer,,,,
lunadeplata,,,,
suivalley,,,,
阿登堡,,,,
berston,,,,
mannuo,,,,
高朗,,,,
bosun,,,,
fessparker,,,,
handshot,,,,
奥纳亚,,,,
卡赛欧,,,,
科梅迪亚,,,,
chateaurollin,,,,
德拉克,,,,
玫瑰山古堡,,,,
古绮蒂尼茜洛诗酒庄,,,,
villalecock,,,,
zssj,,,,
康迪,,,,
老挝,,,,
夏邸,,,,
禾泽,,,,
咏萄,,,,
拉维之星,,,,
赫之蓝,,,,
卢贝斯卡,,,,
palaisbourbon,,,,
lepicdumontblanc,,,,
法娜,,,,
lubelska,,,,
wancaiyuan,,,,
莱温迪酒庄,,,,
momterodrigocrianza,,,,
laconseillante,,,,
依云,,,,
柏菲庄园,,,,
普利亚,,,,
barondeterreblanque,,,,
domperignon,,,,
kaisersimon,,,,
tasoreal,,,,
米加良,,,,
vinhapaz,,,,
chateauleplantey,,,,
saintantoine,,,,
saintjames,,,,
凯味特,,,,
芈醤,,,,
thorin,,,,
reynier,,,,
cosquillas,,,,
bernard,,,,
玛德澳酒业,,,,
tourdavejean,,,,
北极冰,,,,
jingnong,,,,
歌莉,,,,
santaana,,,,
梦果酌,,,,
riesling,,,,
sanpedro,,,,
cloudybay,,,,
仰慕,,,,
capercaillie,,,,
宝利庄园,,,,
debortoli,,,,
austreelia,,,,
墨赫莱,,,,
unsunghero,,,,
纳特维格,,,,
delongbaozhen,,,,
kipu,,,,
clarocarmener,,,,
johannvaulkenburg,,,,
beerlao,,,,
塞迪斯,,,,
saintecouronne,,,,
蓝色妖姬苦艾酒,,,,
安杰斯,,,,
domainemontrose,,,,
georgesduboeuf,,,,
梅赫斯城堡,,,,
鲁卡斯,,,,
金馥,,,,
lutaichun,,,,
seguraviudas,,,,
法布芮,,,,
莱蔻玫瑰,,,,
黛丽斯,,,,
澜爵,,,,
streicker,,,,
小马堡,,,,
田府,,,,
chateaumalausanne,,,,
乐天,,,,
chichengtianxia,,,,
雷奥诺,,,,
创始者,,,,
夏桐,,,,
阿梅索拉,,,,
chateaubranecantenac,,,,
conquistador,,,,
luzhou,,,,
mlooys,,,,
taylorferguson,,,,
erdinger,,,,
lebourdieu,,,,
condejaureguidorioja,,,,
bacardi,,,,
国美,,,,
chateaulepin,,,,
donjulio,,,,
thebigtrapics,,,,
domainedehauteperche,,,,
伯爵,,,,
chateaupomeys,,,,
老酒客古堡,,,,
杜克宝龙酒园,,,,
牧师之园,,,,
pepelopez,,,,
克兰朵,,,,
pauldefrance,,,,
凯撒嘉丽城堡,,,,
露娜淑,,,,
习宴,,,,
chateaulaffittecarcasset,,,,
chateaulajolie,,,,
谷特兰美威酒庄,,,,
bailezhi,,,,
changelus,,,,
塔法,,,,
凯路思,,,,
沛瑞拉达,,,,
cragganmore,,,,
bitel,,,,
fincasorella,,,,
热爽伏特加,,,,
海德黑尔,,,,
president,,,,
snow,,,,
卡玛,,,,
哥仑布古堡,,,,
torello,,,,
凯威庄园,,,,
poliakov,,,,
morena,,,,
fourroses,,,,
saintomer,,,,
alliance,,,,
荔仙城堡,,,,
xiamaxiang,,,,
rtle,,,,
infinitus,,,,
芳都城堡,,,,
faxe,,,,
京选,,,,
彼那帝斯,,,,
captaintom,,,,
奥比昂古堡副牌,,,,
seigneurdelusane,,,,
杜霍庄园,,,,
云鹿,,,,
hzzy,,,,
larbalesteyre,,,,
都美多,,,,
zittauerburgerbrau,,,,
花之乡,,,,
rupertrothschildclassique,,,,
拜伦戈斯特,,,,
granfeudo,,,,
suntory,,,,
arrocal,,,,
touronz,,,,
托布雷,,,,
barbechera,,,,
施露,,,,
罗斯城堡,,,,
蓝途仕,,,,
domainedublere,,,,
悦弥隆,,,,
lebaldesgrappes,,,,
圣佩德罗,,,,
凯伦博格,,,,
依拉苏,,,,
滇园,,,,
elysee,,,,
圣地,,,,
宝施津,,,,
爱慕城堡,,,,
nnresolument,,,,
嘉宾酒庄,,,,
elocuentecave,,,,
domainedeblanvillesolal,,,,
塔牌,,,,
claymore,,,,
萄乐,,,,
luofutaoistincense,,,,
veritas,,,,
avalon,,,,
泰来酒庄,,,,
chateaucaroline,,,,
laizu,,,,
xinjiangxiangyuan,,,,
montalvowilmot,,,,
里希特,,,,
凯普斯基,,,,
paramonorte,,,,
太阳堡,,,,
迪卡纳,,,,
harboe,,,,
巴纳酒庄,,,,
kamgarooridge,,,,
皇家礼炮,,,,
圣朱丽叶,,,,
lachataigneraie,,,,
domainedestempliers,,,,
五月丘,,,,
legende,,,,
田园美景,,,,
kaka,,,,
lagrandeechrie,,,,
四山,,,,
tinazzi,,,,
潘尼索,,,,
布雷格男爵,,,,
asda,,,,
balblair,,,,
hautgardon,,,,
西玛酒庄,,,,
munuo,,,,
卡卡颂古堡,,,,
reberg,,,,
chateaulynchmoussas,,,,
pinwine,,,,
布莱斯皮,,,,
kopke,,,,
haddock,,,,
titular,,,,
皇马堡庄园,,,,
tahuan,,,,
国王路易十五,,,,
brunonia,,,,
asahi,,,,
颐生始创于,,,,
布莱恩古堡,,,,
圣保利城堡,,,,
岚斯骑士,,,,
雷莫斯,,,,
狩猎神,,,,
chateaudeyremvalentin,,,,
特泉,,,,
澳图,,,,
尼格乐,,,,
路易拉菲,,,,
chateaufrancsbories,,,,
宝逸,,,,
卢士涛庄园,,,,
gekkeikan,,,,
kodawari,,,,
日清,,,,
纳托拉,,,,
布罗耶庄园,,,,
布桑科瑞,,,,
weltenburgerkloster,,,,
玫瑰庄园,,,,
yzaguirre,,,,
捷狮,,,,
马利宝,,,,
马爹利,,,,
fleurdevigne,,,,
玛塞艾蒙,,,,
royalred,,,,
里鹏庄园,,,,
automnerouge,,,,
玉蝉,,,,
zhuhuan,,,,
黎明骑士,,,,
德尔曼,,,,
thaddeus,,,,
peyrabon,,,,
auntsfield,,,,
niya,,,,
peacock,,,,
ciruela,,,,
chateaucalonsegur,,,,
vodreyxo,,,,
grappa,,,,
泰来,,,,
银装盛宴,,,,
科瑞莱,,,,
festa,,,,
咖优啦,,,,
西佳娜城堡,,,,
云歌,,,,
chateaucoslabory,,,,
独领风骚,,,,
白水杜康,,,,
克拉塔,,,,
隆斐堡,,,,
次方,,,,
wenhongchun,,,,
安酒,,,,
风之语,,,,
黑色特酿十五号,,,,
flangknight,,,,
kiss,,,,
excellor,,,,
jura,,,,
kentucky,,,,
普埃尔塔,,,,
木桶红庄园,,,,
勃朗,,,,
醉狐,,,,
百德诗歌庄园,,,,
马谛氏,,,,
chateauglon,,,,
paitinger,,,,
chateauriviere,,,,
皇家泰素,,,,
chateaudaurilhac,,,,
变色龙,,,,
xomajestebrandyxo,,,,
hagenschloss,,,,
黑寡妇的眼泪,,,,
卡狄斯,,,,
basarmagnacsamalens,,,,
tipson,,,,
柏菲副牌,,,,
多彩假日,,,,
冰时光,,,,
paulin,,,,
morningmorningup,,,,
qingxiangfu,,,,
jackaroo,,,,
全食物日记,,,,
伊力牌,,,,
大卢梭,,,,
凯姆琳,,,,
卡萨唯爱,,,,
金色城堡,,,,
金骑士,,,,
杏花村,,,,
laoyeye,,,,
博若莱,,,,
moras,,,,
卡力特,,,,
chateaudargadens,,,,
jinro,,,,
柏图斯,,,,
vizcarra,,,,
chateaulasalade,,,,
tesorosmaria,,,,
glinavos,,,,
亚塔拉澳大利亚,,,,
哈姆雷王子,,,,
臣娜里格,,,,
kirin,,,,
demilune,,,,
baronnemaupertuis,,,,
chateau,,,,
大威廉,,,,
威登堡,,,,
洛居,,,,
格兰冠,,,,
rivani,,,,
阿卡威塔,,,,
taltarni,,,,
palm,,,,
blueberrychateau,,,,
grandbarossa,,,,
罗格,,,,
winenice,,,,
列侬家族,,,,
chlascombes,,,,
angelfish,,,,
喆园,,,,
斯图加特,,,,
clarendelle,,,,
圣尼奥,,,,
levillabotengcastle,,,,
希腊神话,,,,
jingfeng,,,,
lafatino,,,,
behee,,,,
ricaudet,,,,
deanston,,,,
兄弟,,,,
海茵堡,,,,
yellowwood,,,,
castel,,,,
卡图磨坊,,,,
burggold,,,,
chateaumalescotstexupery,,,,
威斯路,,,,
凯蒂公主,,,,
博阿鲁勃艮第,,,,
金溪堡,,,,
chateaubriot,,,,
柠檬利口酒,,,,
花堡科洛文,,,,
皮鲁塞尔,,,,
aupour,,,,
胡子先生,,,,
nataleverga,,,,
米乐普公爵,,,,
丹尼霍夫,,,,
wineryroad,,,,
朗香卡森,,,,
desousa,,,,
jinbihuihuang,,,,
shantu,,,,
蜜哈维,,,,
marucho,,,,
金六福,,,,
嘉露家族庄园,,,,
伟度尔,,,,
heineken,,,,
瓦尔德马,,,,
双匙,,,,
膳魔师,,,,
月桂冠,,,,
乐美睿,,,,
婕妮王,,,,
activewinery,,,,
金士马,,,,
玛姆红带,,,,
yjgj,,,,
chateausaintflorin,,,,
lafeixiaomashi,,,,
皇家龙船,,,,
马丁米勒,,,,
nemiroff,,,,
玛歌丽,,,,
valeenchantee,,,,
卡乐比,,,,
塔纳斯,,,,
cavedalignanmarquisdelissac,,,,
obvio,,,,
chateauthleulfyr,,,,
lachandelliere,,,,
索拉雅,,,,
foundstone,,,,
太白,,,,
koalaking,,,,
竹叶青,,,,
hautbessac,,,,
佰宾纳,,,,
五粮液,,,,
freeway,,,,
丹歌,,,,
肯特玫瑰庄园,,,,
laocaichen,,,,
夏普,,,,
cakangaroo,,,,
葡农乐章,,,,
莎亚干白葡萄酒,,,,
布兰多庄园,,,,
赫柏湾,,,,
beehive,,,,
gordons,,,,
大花园,,,,
catrala,,,,
玫瑰世佳,,,,
草原喜顺,,,,
圣斗士,,,,
马尔尚兄弟,,,,
highlandpark,,,,
erbao,,,,
内斯特,,,,
guozhijiaozi,,,,
潘诺,,,,
stonehedge,,,,
洛伦森宝,,,,
云雾之湾,,,,
kleinerfeigling,,,,
papayao,,,,
卡曼之巅,,,,
chardy,,,,
robertmondavi,,,,
bottega,,,,
yalumbayseriesshiraz,,,,
josephdrouhin,,,,
bibamus,,,,
pascual,,,,
ajorclub,,,,
福禄克,,,,
haeston,,,,
拉芳城堡,,,,
丘比特,,,,
strongbow,,,,
dimple,,,,
八益,,,,
蒙特垒,,,,
cavalpoggio,,,,
weidafuxing,,,,
唐卢卡斯,,,,
couronnier,,,,
理本,,,,
土耳其,,,,
xo,,,,
lanza,,,,
凯斯勒,,,,
卡萨布娜,,,,
kesslerzink,,,,
peteryealands,,,,
白州,,,,
castillodecai,,,,
尊誉,,,,
血魔,,,,
ventdebages,,,,
razat,,,,
大奔,,,,
glenbrynth,,,,
ry,,,,
冰莓庄园,,,,
路易威,,,,
罗蒂,,,,
布鲁杰克,,,,
toulonnheroique,,,,
萨兰爵士,,,,
squarerootof,,,,
schoefferhofer,,,,
cinzano,,,,
杜塞尔,,,,
柏帝城堡,,,,
吉力贝,,,,
亲爱的,,,,
吉奥康多,,,,
vinocomh,,,,
大热带,,,,
丹赫,,,,
beaugency,,,,
fontodi,,,,
castilloperelada,,,,
雅酿丝,,,,
卓林,,,,
马塞特,,,,
酒庄之路,,,,
宝玛庄园,,,,
caolila,,,,
卡尼,,,,
费斯帕克,,,,
本诺曼克,,,,
oasisforever,,,,
酒世界集团,,,,
lagrandebastine,,,,
印加帝国,,,,
hanson,,,,
兄弟农场,,,,
gemaco,,,,
laurentphilippe,,,,
鲁臣世家庄园,,,,
奥玛,,,,
帕拉莫,,,,
hongsidu,,,,
贝勒铭澳大利亚,,,,
gloryt,,,,
花恋语,,,,
parallelamirabilis,,,,
albertoni,,,,
火焰酒,,,,
morland,,,,
domainemessenicolas,,,,
galleon,,,,
爱奋,,,,
aberfeldy,,,,
坦克伯爵,,,,
凯瑟皇家,,,,
贝波之花酒庄,,,,
法兰帝,,,,
cotesduroussillonrougechateaudecalce,,,,
吉奥尼,,,,
宝得根庄园,,,,
xianheng,,,,
帝诺王子,,,,
万奈仕,,,,
mapuche,,,,
达加萨克酒庄,,,,
十二岭,,,,
安丽卡,,,,
我加红酒屋,,,,
amiculaderegnatoris,,,,
渔人小站,,,,
jaillance,,,,
dargan,,,,
franziskaner,,,,
castelvecchio,,,,
泰勒弗格森,,,,
魅口,,,,
酷乐品丽珠,,,,
蒙黛莉之花,,,,
贝卡塔瑞酒庄,,,,
铂帝,,,,
oltrepasso,,,,
国晋,,,,
杜林标,,,,
金桑庄园,,,,
米塞欧贝尔,,,,
丽佛莱酒庄,,,,
calvet,,,,
文森特西,,,,
奥巴纳酒庄,,,,
泉妃,,,,
paumerlong,,,,
cappes,,,,
danquanliquorindustry,,,,
bih,,,,
hanse,,,,
宝叶,,,,
茉莉磨坊,,,,
潘帕斯雄鹰,,,,
马莎尔城堡,,,,
凯狮,,,,
金碧辉煌,,,,
braukrone,,,,
xiliquor,,,,
泰瑞布朗男爵,,,,
benromach,,,,
哈尔博,,,,
盛贝本,,,,
禾韵,,,,
baifu,,,,
天堂小镇,,,,
chateaudemarze,,,,
lacorne,,,,
崴堡庄园,,,,
vinartis,,,,
索尼亚庄园,,,,
格兰花格,,,,
barondelapeyle,,,,
moldavianvalley,,,,
奥格斯,,,,
meihe,,,,
sternburg,,,,
圣诺,,,,
terrazas,,,,
教士,,,,
bosco,,,,
jidweer,,,,
alenka,,,,
默多克詹姆斯,,,,
wuliangye,,,,
罗斯福,,,,
大帆船庄园,,,,
chateaukirwan,,,,
纸船,,,,
lecoqalonguequeueigpherault,,,,
泰堡庄园,,,,
malibu,,,,
anna,,,,
mauricegranier,,,,
皮耶里,,,,
菲立斯,,,,
安妮公主,,,,
chantelys,,,,
迪威城堡,,,,
徳腾达,,,,
hanzhuang,,,,
shanhaifuwine,,,,
摩利斯,,,,
windowrie,,,,
xinghuacun,,,,
solvinrouge,,,,
朗派瑞船,,,,
yingbin,,,,
巴菲,,,,
yarradindi,,,,
匠中匠,,,,
chateaudallau,,,,
美藤,,,,
delicedumonde,,,,
garraud,,,,
tavernello,,,,
laroseta,,,,
chateauprieurelichine,,,,
积格仕,,,,
feitian,,,,
黑天鹅绒,,,,
closlaboheme,,,,
masdedaumasgassac,,,,
pleinelune,,,,
威特斯,,,,
petitcaillou,,,,
可瑞森,,,,
saintraissa,,,,
岱歌丽,,,,
daos,,,,
拉脱维亚,,,,
vinetales,,,,
金碧留香,,,,
蓝色梦香,,,,
tiscaz,,,,
chrisohoou,,,,
澳雪蓝湾,,,,
贝壳之恋,,,,
chateaulacottiere,,,,
ligre,,,,
路易斯罗兰,,,,
wanbao,,,,
ruffino,,,,
博帝斯古堡,,,,
baltika,,,,
黑石卡杜,,,,
蒲品,,,,
宝马,,,,
菲利普罗思柴尔德男爵,,,,
法乐庄园,,,,
fonties,,,,
科胜道,,,,
品食客,,,,
mello,,,,
pequenavasija,,,,
dongfanghong,,,,
财富,,,,
小企鹅,,,,
icelyroad,,,,
arcticice,,,,
icefox,,,,
tinto,,,,
strathisla,,,,
sidus,,,,
欧特奥驰,,,,
cavicchioli,,,,
brespey,,,,
penfolds,,,,
chateauramagelabatisse,,,,
cointreau,,,,
spirytus,,,,
车库,,,,
都玛候爵,,,,
grahamsport,,,,
quillaymerlotv,,,,
梅塞尔,,,,
chateaulacure,,,,
jushifeng,,,,
金丝雀干红,,,,
baolongshan,,,,
神奇纬度,,,,
bcmoel,,,,
wittenberg,,,,
斯普瑞,,,,
龙船庄园奔富酒园拉菲长城干露张裕威赛帝斯黄尾袋鼠月亮之吻宝黛更多,,,,
niuqishizu,,,,
mahicanmerlot,,,,
realce,,,,
翰格蓝爵,,,,
byzans,,,,
萨凯帕,,,,
furstvonmetternich,,,,
stfeuillien,,,,
尼姆牧羊人,,,,
bagrationi,,,,
jacksontriggs,,,,
磨师傅,,,,
carundo,,,,
meakrobr,,,,
唐胡里奥,,,,
goslings,,,,
柯诺苏,,,,
saflam,,,,
瓦伦堡,,,,
比尔,,,,
圣保罗,,,,
宝佳丽酒庄,,,,
圣路易斯,,,,
蒙大菲酒园,,,,
shangrila,,,,
宝石树酒庄,,,,
小酒馆,,,,
莫尼诺,,,,
altodelcarmen,,,,
活灵魂,,,,
sansovino,,,,
拉蒙,,,,
khortytsa,,,,
auloce,,,,
熊猫精酿,,,,
ducdes,,,,
carpedime,,,,
圣纳玛,,,,
guionne,,,,
olmeca,,,,
张裕,,,,
雷诺,,,,
stolichnaya,,,,
fancypants,,,,
摩多山谷,,,,
玛普斯,,,,
纳瓦罗,,,,
freddy,,,,
北大仓,,,,
麦思,,,,
clea,,,,
远村,,,,
尚佩里,,,,
施美格,,,,
哈顿,,,,
尼雅,,,,
佳维那酒庄,,,,
五缘湾,,,,
托卡依酒类,,,,
哥顿,,,,
patrizia,,,,
flamingerjagd,,,,
圣索维诺,,,,
洛可,,,,
纷尚,,,,
alamediterraneenne,,,,
酒庄,,,,
高蒙城堡,,,,
哎呀呀,,,,
宝斯特酒庄,,,,
科斯拉百丽酒庄,,,,
klrmor,,,,
roman,,,,
翠鸣古堡,,,,
富仕莱,,,,
marquislouis,,,,
乐华,,,,
baston,,,,
鹰格堡庄园,,,,
lanchou,,,,
哈罗德,,,,
易菲堡,,,,
勃朗宁,,,,
seguelongue,,,,
巴兰德真味啤酒,,,,
嘉德古堡,,,,
chateaugiraudot,,,,
pierrechanau,,,,
贝拉,,,,
布琅兄弟酒庄拉菲奔富酒园长城张裕黄尾袋鼠干露月亮之吻卡维留里大主教更多,,,,
relajado,,,,
贝塔,,,,
学徒,,,,
买买酒,,,,
利澳,,,,
cuveedeslanciers,,,,
diamondridge,,,,
finlandia,,,,
高吧,,,,
拉高斯酒庄,,,,
huangguan,,,,
chilephant,,,,
selectionjeanpierremoueix,,,,
罗吉庄园,,,,
德古斯特,,,,
megaron,,,,
苏艾,,,,
德龙宝真,,,,
卡隆堡赤霞珠,,,,
medoc,,,,
斯特阿斯兰,,,,
spier,,,,
威尼斯,,,,
condi,,,,
古垒酒庄,,,,
cuveedautomne,,,,
美洲狮,,,,
qianyuan,,,,
faversham,,,,
卡伯特,,,,
chateaunoaillac,,,,
修道院奥比昂庄园,,,,
sisterskitchen,,,,
周伯通庄园,,,,
柏富,,,,
fraicheursec,,,,
雪莉,,,,
watershed,,,,
grandlonis,,,,
cellarno,,,,
一九一五,,,,
拉格城堡,,,,
pier,,,,
illy,,,,
埃瓦里斯托,,,,
havana,,,,
爱斯卡门,,,,
迷失,,,,
nalilityelegant,,,,
人头马,,,,
梦陇酒庄,,,,
ribon,,,,
patrickbarriere,,,,
chateaupinetlahoussaie,,,,
香奈,,,,
confidentbrandyxo,,,,
firstcape,,,,
headoverheels,,,,
louiskingdomxo,,,,
cantineravazzi,,,,
热狗炙火卡瓦,,,,
瓦伦丁,,,,
柏图斯之花庄园,,,,
fontanafredda,,,,
faao,,,,
yuezhiren,,,,
火之链,,,,
tontine,,,,
bainiangongshe,,,,
alamediterraneenn,,,,
diamond,,,,
saintfelicien,,,,
twooceans,,,,
金城堡,,,,
宝桑园,,,,
万事如意,,,,
艾舵,,,,
冰顶,,,,
lesgenets,,,,
qianmenlou,,,,
乐邦帝国,,,,
林堡,,,,
美丽丛林,,,,
katuer,,,,
rauchebier,,,,
keizerrijk,,,,
百福具臻,,,,
金北,,,,
灵羊,,,,
骑士庄园,,,,
heredaddardines,,,,
kazayak,,,,
chateauchaubinet,,,,
霍兰庄园,,,,
喜乐果,,,,
mostra,,,,
bluecore,,,,
chateauhautcruzeau,,,,
艳籽花,,,,
爱莲巧,,,,
barondarignac,,,,
rescaliboro,,,,
麦道夫,,,,
云之谷,,,,
罗穆德侯爵,,,,
solaiavinrougeitalie,,,,
崂迈,,,,
achavalferrer,,,,
燕京啤酒,,,,
royalmagic,,,,
costadibussia,,,,
卡斯堡,,,,
戴维娜,,,,
埃塔弥思科,,,,
domaci,,,,
伊莎贝拉,,,,
四季田野,,,,
gaudou,,,,
aegeandolphin,,,,
lestuileries,,,,
洽洽,,,,
田园牧歌,,,,
livius,,,,
teoria,,,,
pierrechainier,,,,
若般,,,,
bellarmine,,,,
布拉沃山丘,,,,
yunge,,,,
chpapeclement,,,,
lansemengxiang,,,,
希侬城堡,,,,
chateauhautbarrail,,,,
大道酒窖,,,,
西莲,,,,
克劳迪庄园,,,,
greygoose,,,,
chateaudutertre,,,,
柏菲玛凯,,,,
petitponey,,,,
chateauhautmyles,,,,
菲丽斯,,,,
laroue,,,,
rosesega,,,,
大百宜古堡,,,,
四玫瑰,,,,
rochemazet,,,,
sparrowpool,,,,
哆啦梦,,,,
bushmills,,,,
bannazhu,,,,
费列罗,,,,
卡斯藤,,,,
费雷拉,,,,
嘉伦多,,,,
originalcharm,,,,
白兰,,,,
nutwalker,,,,
aurora,,,,
roselove,,,,
艾隆古堡,,,,
梦幻庄园,,,,
庄园之路,,,,
bollicinefestose,,,,
champagnetaittinger,,,,
沃帝斯,,,,
multahomeyard,,,,
露森,,,,
minskaya,,,,
骷髅头瑞典,,,,
kintu,,,,
longhamcarsin,,,,
bomb,,,,
lesrempartsdeferriere,,,,
拉图玛蒂亚克,,,,
克莱芙公主,,,,
魔术师,,,,
凯瑞,,,,
maray,,,,
安祖路登,,,,
巴朗圣卢克,,,,
保罗玛斯,,,,
卡尔里拉,,,,
chateauclosdumoulin,,,,
松托芬角鹿,,,,
卡斯纳,,,,
诺丹城堡,,,,
艾米特庄园,,,,
人民公社,,,,
索玛,,,,
centurysailing,,,,
legrandmaulneigp,,,,
sitzius,,,,
墨者,,,,
maxacasa,,,,
博纳旺蒂,,,,
gazin,,,,
calbee,,,,
zhanqiao,,,,
乐赐,,,,
baodingculturelafitegreatwallpenfoldsconchaytorochangyuyellowtailbaciodellalunapoderio,,,,
therazzat,,,,
peccatore,,,,
marcarini,,,,
赛威,,,,
royaldutch,,,,
古兰古堡,,,,
familytangerine,,,,
culaknight,,,,
皇冠波尔多,,,,
casbao,,,,
瑞吉山,,,,
negrita,,,,
莱托品卡,,,,
armanda,,,,
oldstag,,,,
西堡,,,,
baron,,,,
意恋,,,,
victoria,,,,
米勒,,,,
sergent,,,,
reservedelabbe,,,,
埃德拉多尔,,,,
oops,,,,
sweetheart,,,,
格格酒庄,,,,
ferrari,,,,
乐谷,,,,
里昂公爵,,,,
chandoyseduhayot,,,,
elsenordelalanza,,,,
斯达森,,,,
骑士舞者,,,,
ciacci,,,,
维伽科丽斯纳,,,,
玛茜,,,,
bockdamm,,,,
pommard,,,,
bonavida,,,,
tourist,,,,
chezlee,,,,
maojiang,,,,
chateaupichonlonguevillebaron,,,,
朗多菲丽纳特,,,,
drova,,,,
escarpment,,,,
芬河帝堡,,,,
plaisancemilon,,,,
弗罗森诺,,,,
功德林,,,,
rocaimora,,,,
barondebrane,,,,
murdochjames,,,,
巴特克,,,,
gancia,,,,
xishiyingmen,,,,
louismarsyner,,,,
锐澳,,,,
richtersohn,,,,
ozyard,,,,
leaudegargoulette,,,,
glenscanlan,,,,
丁戈树,,,,
coppa,,,,
fdemaison,,,,
chateaumeric,,,,
fengshou,,,,
lavela,,,,
villepreux,,,,
天鹅堡,,,,
lapetitevigne,,,,
terresauve,,,,
kreuznacherweinhausnahe,,,,
saintherminius,,,,
苏帝乐,,,,
康纳利,,,,
卡洛斯,,,,
comtedemontgres,,,,
卡桐,,,,
普朗提城堡,,,,
特其拉,,,,
barondestey,,,,
马檀珂,,,,
romantictime,,,,
maanae,,,,
domainedemonlou,,,,
fontaine,,,,
prospermaufoux,,,,
喜事迎门,,,,
segla,,,,
harbin,,,,
rafale,,,,
enriquefoster,,,,
bailiou,,,,
kronenbourg,,,,
金威廉,,,,
分水岭,,,,
托卡,,,,
beaumont,,,,
willandra,,,,
绅士,,,,
卡帕西诺,,,,
gessinger,,,,
breda,,,,
格拉洛,,,,
柏乐尔双狮,,,,
perrierjouet,,,,
saga,,,,
puertavieja,,,,
sendero,,,,
willenberg,,,,
chuyehching,,,,
康特卡萨诺,,,,
圣菲利希安,,,,
佩琪乐,,,,
巴赫,,,,
below,,,,
龙船珍藏,,,,
yallans,,,,
杜布瓦酒庄,,,,
feldschloesschen,,,,
索雷拉庄园,,,,
卡图尔,,,,
燕菲尼蒂,,,,
murraystreetvineyards,,,,
卡依露,,,,
goldmount,,,,
布朗斯庄园,,,,
勒傍,,,,
维拉米瑞,,,,
fourloko,,,,
hautbana,,,,
麦卡斯,,,,
独秀酒庄,,,,
chateaulavaure,,,,
wernet,,,,
garage,,,,
紫罗兰袋鼠,,,,
chateausenejac,,,,
rockbare,,,,
chevalierdelamediterranee,,,,
tourdepez,,,,
瑞富城堡,,,,
蓬城,,,,
plio,,,,
sourceland,,,,
grandmarnier,,,,
圣马,,,,
passton,,,,
cardhuamber,,,,
mckendricks,,,,
吉佳乐世家,,,,
柏图白露,,,,
wachtersbacher,,,,
macallan,,,,
蓝雪,,,,
新的,,,,
南部美人,,,,
小菲丽酒庄,,,,
约翰娜瓦尔肯博格,,,,
暧昧,,,,
chateaudugrandjardin,,,,
warsteiner,,,,
hanju,,,,
猎人,,,,
leduch,,,,
pillitteri,,,,
picafolr,,,,
kwak,,,,
wisemonkey,,,,
belage,,,,
东凡,,,,
royallochnagar,,,,
尚谷城堡,,,,
martens,,,,
vchevalier,,,,
澳迪尼,,,,
库柏斯溪,,,,
domainedecause,,,,
oenoterra,,,,
梵兰地,,,,
chateauhautgrignon,,,,
克拉韦里尔父子酒庄,,,,
mengerkrug,,,,
amorestagione,,,,
ilpalazzo,,,,
莱格,,,,
杰克逊瑞格,,,,
布迪沃特酒庄,,,,
龙力佳,,,,
chateaudugrandcaumont,,,,
圣露,,,,
卫宾,,,,
cruzalta,,,,
enclosdesames,,,,
arrows,,,,
梅河,,,,
红星,,,,
拉巴狄酒庄,,,,
澳芝醇,,,,
芦台春,,,,
西蒙城堡,,,,
casalomatta,,,,
pradignac,,,,
华东,,,,
agostinapieri,,,,
红姑娘,,,,
orbitali,,,,
tampus,,,,
贝斯文尼,,,,
维纳尔芭,,,,
普乐碧朗城堡,,,,
玻玛,,,,
特佳达庄园,,,,
tenutapoggioaimandorli,,,,
lysterfield,,,,
baiyanghe,,,,
hennessy,,,,
拉克城堡,,,,
岩石庄园,,,,
caserosso,,,,
马都斯,,,,
甜心,,,,
威斯莉亚古堡,,,,
margle,,,,
金狮园,,,,
庞特卡奈庄园,,,,
montefrio,,,,
giffard,,,,
quaideschartrons,,,,
力能,,,,
波菲古堡,,,,
艾斯科,,,,
hautcanteloup,,,,
henibeck,,,,
拉维恩,,,,
御兰堡,,,,
moutoncadet,,,,
苏泽公爵,,,,
沃佳卡特罗,,,,
迪仙庄园,,,,
新大陆,,,,
汇野,,,,
路易王朝珍品,,,,
lomance,,,,
玛罗,,,,
fattorialaripa,,,,
altilands,,,,
阿塔斯,,,,
古法,,,,
luosa,,,,
poitevin,,,,
哈克朔,,,,
费蒙阁庄园,,,,
全德,,,,
reinares,,,,
chateaufontesteau,,,,
勃纳德,,,,
法西尼,,,,
ferrero,,,,
莱纳德,,,,
tequan,,,,
凯撒西蒙,,,,
卡甘诺,,,,
monsieurmoustache,,,,
chateaurocmeynard,,,,
力关轩,,,,
yili,,,,
法莱多,,,,
chateautaffarddeblaignan,,,,
stornachie,,,,
ferrand,,,,
petitvillage,,,,
saioar,,,,
尚娜德,,,,
奥比昂古堡,,,,
雅柯堡,,,,
zaccaagnini,,,,
tatrtea,,,,
阿卡塔,,,,
德兰索,,,,
慕林庄园,,,,
chateauserressaintelucie,,,,
pauldarquan,,,,
baronphilippederothschild,,,,
苏连绿,,,,
安杜尼,,,,
lex,,,,
duvel,,,,
利葡,,,,
普洛父子,,,,
埃莫多斯,,,,
larui,,,,
chateaupontetbarrail,,,,
barondegastol,,,,
chateletdecalals,,,,
mecess,,,,
chateaugrandtayac,,,,
圣卡露斯,,,,
蒂隆公爵,,,,
阿卡维拉斯,,,,
环球酒业,,,,
orval,,,,
tanqueray,,,,
维拉科罗娜,,,,
conosur,,,,
牧羊人,,,,
玛柏莉海岸,,,,
louisbegaudim,,,,
图拉多,,,,
huntingdale,,,,
wynns,,,,
pinshike,,,,
roots,,,,
zabringer,,,,
chateauramafort,,,,
speyside,,,,
noaillac,,,,
魅谷,,,,
贝尔纳玛戈,,,,
mahi,,,,
louvelfontaine,,,,
sherry,,,,
happyend,,,,
卓龙,,,,
葛尼尔,,,,
猎豹庄,,,,
朋特古堡,,,,
almanegra,,,,
玛驰,,,,
格希宝捷,,,,
wurzburger,,,,
martinmillers,,,,
佩纳拉达,,,,
悠然假期干红葡萄酒,,,,
哥萨克,,,,
ronsard,,,,
lamarchelutet,,,,
lescharmillesdetourblanche,,,,
丹娜,,,,
chateausoutardcadet,,,,
luckykangaroo,,,,
库克,,,,
拉佩唯,,,,
lousteauneuf,,,,
宝特佳莱姆斯,,,,
sena,,,,
awjs,,,,
大杜克,,,,
eltesorodelmolino,,,,
爵雅,,,,
aromo,,,,
索帕,,,,
肯塔基,,,,
凯恩城堡,,,,
guiwangfushijia,,,,
thelyrup,,,,
莱福,,,,
snowycreek,,,,
xuezao,,,,
ladouys,,,,
拉图拉甘,,,,
skalli,,,,
奥兰国际象棋,,,,
bechade,,,,
枫拜戈城堡,,,,
圣克里斯,,,,
卡萨罗曼塔,,,,
大卫斯通,,,,
paulfrancois,,,,
吉斯波尔,,,,
黑匣,,,,
魅牛,,,,
魅丽珠,,,,
肯爱,,,,
nattier,,,,
armonioso,,,,
乔治凡尔赛,,,,
勃兰登堡,,,,
calet,,,,
蓝利,,,,
圣梵诺,,,,
米修特庄园,,,,
schales,,,,
sobrero,,,,
closdelossieste,,,,
桑特干白,,,,
大卫世,,,,
格兰多米尼奥,,,,
酒鬼,,,,
玛禧,,,,
报恩城堡,,,,
健力士,,,,
villacolonna,,,,
felix,,,,
leeper,,,,
巴西之魂,,,,
zuilaoningcheng,,,,
cacasongoldcastle,,,,
埃德华兹,,,,
舒弗,,,,
baumard,,,,
台岛,,,,
qinyangpai,,,,
boeleu,,,,
尚特美古堡,,,,
chinoncastle,,,,
金士利,,,,
chateaubeyzac,,,,
braveknight,,,,
卢塞凯罗城堡,,,,
动力火车,,,,
心田庄园,,,,
mrlicastle,,,,
弗莱迪,,,,
lavrentdufouleur,,,,
金伯乐,,,,
百年地窖,,,,
dragonroyal,,,,
chateauhautbeyzac,,,,
donlucas,,,,
delavallee,,,,
塞内雅庄园,,,,
波摩,,,,
灰雁,,,,
donmendo,,,,
德保利,,,,
chateauduraux,,,,
giocondo,,,,
bolla,,,,
chleovillepoyferre,,,,
mlqs,,,,
索之光,,,,
royaldragonboat,,,,
圣达罗,,,,
moetchandon,,,,
sasso,,,,
雅蕾堡,,,,
地中海骑士,,,,
安德鲁哈里斯,,,,
lous,,,,
zacapa,,,,
莱菲堡,,,,
lesgrandschenes,,,,
myondelenclos,,,,
joyvio,,,,
莫林,,,,
iniesta,,,,
拉图雷蒙城堡,,,,
卢卡斯城堡,,,,
沙维涅克城堡天赐,,,,
lovelive,,,,
朝朝向上,,,,
chateauhauttreytin,,,,
和谐庄园,,,,
sunrisemunsterland,,,,
凌霄堡,,,,
泰山啤酒凯尔特人哈尔滨牌德拉克燕京百威青岛啤酒狩猎神瓦伦丁更多,,,,
杜高巴加庄园,,,,
卡斯乐,,,,
雷米诺,,,,
塞纳湾,,,,
小林,,,,
chateaudelaroque,,,,
蒙斯特,,,,
vodkabizon,,,,
缤纷年华,,,,
chateaugrandjour,,,,
linsoumise,,,,
黄袋鼠,,,,
发现之旅,,,,
朱利贝林,,,,
recital,,,,
beringer,,,,
evanwilliams,,,,
coulydutheil,,,,
yibaidu,,,,
portia,,,,
jennywang,,,,
达尔坤,,,,
富曼古堡,,,,
chiantisanfablano,,,,
佳沃,,,,
汇德号,,,,
玫瑰城堡,,,,
索金,,,,
wufengyu,,,,
golla,,,,
grangeneuve,,,,
dumantelle,,,,
chateauleovillebarton,,,,
jiolis,,,,
jimbeam,,,,
konyri,,,,
lungarno,,,,
纯源,,,,
chpavie,,,,
chateaupalmer,,,,
贝莎洛克,,,,
baciodellaluna,,,,
contecorsano,,,,
loris,,,,
西夏王,,,,
champagnemumm,,,,
roopaw,,,,
chateautourmarcillanet,,,,
turningleaf,,,,
mascorbieres,,,,
圣母之乳,,,,
黑公羊,,,,
michoose,,,,
tegada,,,,
圣伯纳,,,,
乡野绅士,,,,
mcguigan,,,,
大摩,,,,
lanold,,,,
platanaie,,,,
拉菲传奇,,,,
芳泉,,,,
富特尼,,,,
路易世家,,,,
雪克,,,,
kuemmerling,,,,
fleurduchateaucalendreau,,,,
lafitesaga,,,,
quande,,,,
mossman,,,,
dailys,,,,
酷派,,,,
krebsgrode,,,,
chateauhautpeyruguet,,,,
欢乐,,,,
赛格尔,,,,
stormhoek,,,,
adrianomarcoevittorio,,,,
卢萨男爵,,,,
kmonino,,,,
珠江啤酒,,,,
moraleda,,,,
七箭,,,,
chateauescot,,,,
赖驾,,,,
effibonne,,,,
schwanenbrau,,,,
诺亚城堡,,,,
诗庄堡,,,,
chateaudevillambis,,,,
vinadecana,,,,
杜夫,,,,
winston,,,,
康色扬庄园,,,,
lesrosesdelavie,,,,
carlorossi,,,,
hameaudor,,,,
roteburg,,,,
lafitelegende,,,,
laudi,,,,
fable,,,,
chateaugrangeneuve,,,,
奥比塔利,,,,
亦竹,,,,
talks,,,,
圣殿酒庄,,,,
surfore,,,,
比特尔,,,,
茅台迎宾酒,,,,
斯汀伯格,,,,
爱如,,,,
十字军城堡,,,,
blucc,,,,
第五元素,,,,
chateaulesrosiers,,,,
统一,,,,
debensse,,,,
storchengold,,,,
柏喜,,,,
canei,,,,
上莫拉克酒庄,,,,
zebulon,,,,
signatureblackstallion,,,,
baronlarose,,,,
圣菲利佩,,,,
布加斯,,,,
chateauplantierrose,,,,
科罗纳,,,,
caiyirensheng,,,,
塔雅庄园,,,,
瑞瓦勒王子,,,,
冰猫,,,,
威尔顿堡,,,,
ducel,,,,
丹代尔,,,,
拉索尔菲,,,,
brut,,,,
奥伯龙,,,,
soliera,,,,
罗滕堡,,,,
chateaudesaintegemme,,,,
帕德酒庄,,,,
罗萨,,,,
克鲁斯大帝,,,,
chateaudesmirail,,,,
赛美兰酒庄,,,,
艾拉莫,,,,
布里奇,,,,
拉苏庄园,,,,
jiangkouchun,,,,
拉玛特庄园,,,,
perelada,,,,
咸亨,,,,
伯爵夫人,,,,
anadasdeoro,,,,
卡利博罗,,,,
brigand,,,,
dekaer,,,,
chateauhautmaurac,,,,
chateausaintsauveur,,,,
雅乐园酒庄,,,,
摩根船长,,,,
royalclub,,,,
sensi,,,,
布莱克,,,,
拉菲古堡,,,,
beaurempart,,,,
napolon,,,,
维卡基,,,,
sapphire,,,,
chateauaney,,,,
茱莉,,,,
天下粮仓,,,,
尚诺蒙,,,,
玫瑰山庄,,,,
lazzerettimarco,,,,
chateaulaconseillante,,,,
路易威顿,,,,
chateaulejoncieu,,,,
ambiguous,,,,
chateauouvrard,,,,
皮诺,,,,
拿破仑,,,,
chateauetangdescolombes,,,,
moutaiprincevvml,,,,
jamesmarquis,,,,
蓝宝石,,,,
伊涅斯塔,,,,
妃舞,,,,
chateaupetitbocq,,,,
chateaudagassac,,,,
骏德,,,,
lansade,,,,
messileaubert,,,,
圣露西城堡,,,,
stclaire,,,,
蜂蜜庄园酒庄,,,,
prince,,,,
加隆希格尔酒园,,,,
carolusgouden,,,,
法克,,,,
皇家罗尼斯,,,,
希博伦,,,,
zhumir,,,,
mchapoutier,,,,
克里特奥林匹亚斯,,,,
树妖,,,,
marquesdelatorre,,,,
巴赫丝酒庄,,,,
佳德美,,,,
glenfarclas,,,,
雅拉丹亭,,,,
chateaudyquem,,,,
靓茨伯庄园,,,,
沙仑,,,,
bourgas,,,,
rio,,,,
ailehuo,,,,
玛歌鹰贵,,,,
军瀛,,,,
冰雀,,,,
cuveedecaylus,,,,
girdear,,,,
athenagolddiamo,,,,
mirador,,,,
taylor,,,,
柑曼怡,,,,
云惜,,,,
葵乡,,,,
semeli,,,,
benevolo,,,,
慕琳卡西酒庄,,,,
北佬,,,,
大皇宫,,,,
chpalmer,,,,
麦娜露,,,,
希库斯,,,,
宝地,,,,
贝拉格,,,,
赫思特,,,,
雷拉斯,,,,
陈源兴,,,,
洛捷酒庄,,,,
沃林,,,,
新叶,,,,
博悦酒庄,,,,
比赞,,,,
里帕,,,,
威娜德,,,,
blancfoussy,,,,
chfigeac,,,,
montibero,,,,
fervorrosmediumdrysparklingwine,,,,
magners,,,,
魔冰,,,,
阿诺德,,,,
格林堡,,,,
davidiibruce,,,,
fontsanteluberonrose,,,,
康赛隆城堡,,,,
碧斯卡拉,,,,
philipperobert,,,,
stjorge,,,,
beautedusud,,,,
palaisrohan,,,,
atrio,,,,
clynelish,,,,
lagarde,,,,
linyuanchun,,,,
aberlour,,,,
embrujo,,,,
goldenbutterflyface,,,,
montemaggio,,,,
ducdepivoine,,,,
云三国,,,,
歌德,,,,
智慧树,,,,
montgras,,,,
chateaupavie,,,,
brillette,,,,
desbrousteras,,,,
lgt,,,,
特瑞庄园,,,,
casettacasavinicola,,,,
nanbubijin,,,,
路易伯爵,,,,
caballobravo,,,,
pastis,,,,
贺天下,,,,
chateaulagorce,,,,
carcanieux,,,,
bluegirl,,,,
chateaulaclare,,,,
primoamore,,,,
拉图贝尚庄园,,,,
艾拉提诺,,,,
camisanegra,,,,
chateauguitignan,,,,
奥多,,,,
斯格利,,,,
金钟杜佳,,,,
玛莱图古堡,,,,
巴克龙,,,,
ochagavia,,,,
greenbarley,,,,
莫泊桑,,,,
hakushu,,,,
碧汇,,,,
radjah,,,,
kanerut,,,,
芬尼湾,,,,
chateaulesfermenteaux,,,,
爱斐特,,,,
圣安东尼庄园珍酿,,,,
罗斯庄园干白葡萄酒,,,,
艺术,,,,
派斯顿,,,,
gracevineyard,,,,
保望庄园,,,,
百特,,,,
fascinate,,,,
迪卡,,,,
millepas,,,,
红四渡,,,,
chateaubroustet,,,,
fullmoon,,,,
丝芭琪,,,,
shiraz,,,,
迪维卡迪娜,,,,
神牛,,,,
索维城堡,,,,
whitehorse,,,,
珍聚,,,,
greysac,,,,
fleurlamothe,,,,
金皇冠,,,,
martell,,,,
brewmeister,,,,
歌兰亭,,,,
lingdui,,,,
布兰德城堡,,,,
arts,,,,
marquisdusoler,,,,
百年坛,,,,
柏美,,,,
兰格,,,,
chateaulaplaige,,,,
maisonvalor,,,,
tradicional,,,,
佩拉福东酒庄,,,,
欧肯特轩,,,,
becherovka,,,,
欧瑞雅,,,,
chandon,,,,
goldtiger,,,,
安琪,,,,
林格,,,,
卡帕蒂,,,,
博诺拉姆,,,,
gresdesoliviers,,,,
labesse,,,,
audochateau,,,,
百乐,,,,
金蝴蝶,,,,
名仕之风,,,,
puraraza,,,,
勆迪,,,,
wenneker,,,,
laigledor,,,,
chateauroubin,,,,
贝拉龙酒庄,,,,
帝龙酒庄,,,,
majorwines,,,,
kafka,,,,
boris,,,,
closrousseau,,,,
vinainigo,,,,
chateauraissac,,,,
菲利普罗伯特,,,,
帕提欧庄园,,,,
comtedelouis,,,,
弗雷迪奥,,,,
阿诗,,,,
太阳王,,,,
卡斯维拉,,,,
龙萨拿破仑,,,,
taishan,,,,
growersgate,,,,
路易雷米酒庄,,,,
mailnld,,,,
爱茉莉,,,,
pequenavasijachangyupenfoldsyellowtaillafitegreatwallandimarconchaytorocuveedecayluskesslerzink,,,,
chateaudurfortvivens,,,,
bloodyantitoxin,,,,
马蒂红,,,,
descabans,,,,
leslattes,,,,
boka,,,,
华乐满,,,,
基亚索斯,,,,
chateaulemeynieu,,,,
茅乡,,,,
胜卡罗,,,,
塔坦尼,,,,
甘恰,,,,
沃德古堡,,,,
金玫瑰城堡,,,,
leschampscoquelicot,,,,
aperol,,,,
abiance,,,,
iichiko,,,,
高斯林,,,,
勃艮第女公爵,,,,
里奥哈,,,,
lillydaleestate,,,,
爱神堡,,,,
ponmolo,,,,
theimperialpalace,,,,
boddington,,,,
宝籁,,,,
ducdehenri,,,,
修道院古堡干红葡萄酒,,,,
amiraldebeychevellepenfoldslafiteconchaytorogreatwallchangyuyellowtailbaciodellalunapoderio,,,,
chateaumoulindecassy,,,,
罗斯摩萨,,,,
asbach,,,,
葛朗德城堡,,,,
taishanbarbarossakaiserdomtsingtaodurlacherwurenbacher,,,,
拉菲酒庄,,,,
granshan,,,,
嘉斯山,,,,
哪吒山,,,,
wayberry,,,,
arnauld,,,,
terroirettradition,,,,
格兰苏,,,,
ruttgersclub,,,,
charlesbo,,,,
冰飞艳,,,,
蕾娜酒庄,,,,
tequila,,,,
博纳维达,,,,
taki,,,,
亳特,,,,
拉加德,,,,
nova,,,,
占威,,,,
flyingfairy,,,,
拉贝德城堡,,,,
版纳竹,,,,
赫斯顿,,,,
flamencdtimoseco,,,,
list,,,,
dilionvronica,,,,
loiseauredwine,,,,
唐吉,,,,
雷顿,,,,
cadi,,,,
麦卡菲基准,,,,
拉巴赫,,,,
杜克亨利,,,,
碧尚女爵,,,,
guldendraak,,,,
brewdog,,,,
pasion,,,,
lescedresdhosten,,,,
班尼贡,,,,
常青藤酒庄,,,,
marenco,,,,
三得利,,,,
lineng,,,,
欧颂古堡,,,,
saransotdupre,,,,
波米酒庄,,,,
chateauglen,,,,
chduhartmilonrothschild,,,,
斯帕卢,,,,
拉图宾,,,,
宝乐氏,,,,
大巴斯提,,,,
里奥安纳,,,,
kiprinsky,,,,
cavaferriol,,,,
chateaudeclotte,,,,
chunyuqiao,,,,
shuanggou,,,,
lowenfurst,,,,
pepsi,,,,
莫拉德,,,,
凯宝利,,,,
圣希莱酒庄,,,,
科瑞丝曼,,,,
